ID;Product Name;Brand;Manufacturer;Vendor ;Cat# Manufacturer;Cat# Vendor;Lot#;Expiry Date;Room;Sector;Unit;Capacity;Item Property;Pipetting Device;Item Type;Single Pieces;Units per Box;Boxes in Stock;Total Pieces;Minimum Amount;Inventory Status;Order Status;Who Ordered ;Assigned Project;Order Date ;Notes;Favorites
;Product Information;;;;;;;;Stock Information;;;;;;;;;;;;;Order Information;;;;;
;Copy name from vendor or manufacturer catalogue;leave empty if not applicable;identical to Vendor if not otherwise specified;identical to Manufacturer if not otherwise specified;identical to Cat# Manufacturer if not otherwise specified;identical to Cat# Vendor if not otherwise specified;leave empty if not applicable;leave empty if not applicable;room in SSA, usually on C floor;see label on shelf or cupboard;diverse, e.g. mm or ml, leave empty if not applicable or irrelevant;capacity of single piece, e.g. volume of tips or size of membrane, leave empty if not applicable;e.g. pure, sterile, filtered, leave empty if not applicable;e.g. LiHa, MCA96, or MCA384, leave empty if not applicable;e.g. tip box, plate, other;number of pieces within first level packaging (e.g. number of tip boxes in carton, tubes in bag, seals in package), used for calculation of Total Pieces;number of first level packages within second level packaging (e.g. bags or tip boxes inside carton box), fill 1 if no second level packaging is used, used for calculation of Total Pieces;number of second level packages within third level packaging (e.g. carton with tip boxes or tube bags within carton shipping box), use decimal spaces and calculation for open boxes, fill 1 if no third level packaging used, used for calculation of Total Pieces;calculated automatically and therefore locked;used for calculation of Inventory Status;calculated automatically and therefore locked (< Minimum Amount = low, otherwise = in stock);update for new orders, e.g. ordered, tentative or product arrived;member of SnL team;name of Harvest project, (year)_snl_(group)_(project);update for new orders;;
1;200ul MCA96 Tips, pure, no filter;;Tecan;Tecan;30038616;30038616;14440036;2019-11;C75;11.2;ul;200;pure;MCA96;tip box;10;1;1;10;10;in stock;;;;;;
2;500ul MCA96 Tips, pure, no filter;;Tecan;Tecan;300406341;300406341;14080370;2019-02;C75;11.1;ul;500;pure;MCA96;tip box;10;1;1;10;10;in stock;;;;;;
3;200ul MCA96 Tips, sterile, no filter;;Tecan;Tecan;30038617;30038617;14440041;2018-11;C75;11.2;ul;200;sterile;MCA96;tip box;10;1;1;10;10;in stock;;;;;;
4;100ul MCA96 Tips, not sterile, filtered;;Tecan;Tecan;30038613;30038613;13470605;2017-11;C75;11.2;ul;100;filtered;MCA96;tip box;10;1;1;10;10;in stock;;;;;;
5;100ul MCA96 Tips, sterile, filtered;;Tecan;Tecan;30038613;30038613;14380274;2018-09;C75;11.2;ul;100;sterile & filtered;MCA96;tip box;10;1;1;10;10;in stock;;;;;;
6;150ul MCA96 Tips, sterile, filtered;;Tecan;Tecan;30038618;30038618;14071012;2018-02;C75;11.2;ul;150;sterile & filtered;MCA96;tip box;10;1;1;10;10;in stock;;;;;;
7;150ul MCA96 Tips, sterile, filtered;;Tecan;Tecan;30038618;30038618;14360368;2018-09;C75;11.2;ul;150;sterile & filtered;MCA96;tip box;10;1;1;10;10;in stock;;;;;;
8;15ul MCA384 Tips, sterile, no filter;;Tecan;Tecan;30051803;30051803;20161800;2020-05;C75;11.2;ul;15;sterile;MCA384;tip box;10;1;1;10;10;in stock;;;;;;
9;15ul MCA384 Tips, sterile, no filter;;Tecan;Tecan;30051803;30051803;20164000,  OP. 512-1;2020-10;C75;11.2;ul;15;sterile;MCA384;tip box;10;1;1;10;10;in stock;;;;;;
10;15ul MCA384 Tips, sterile, no filter;;Tecan;Tecan;30051803;30051803;20164100,  OP 413-7;2020-10;C75;11.2;ul;15;sterile;MCA384;tip box;10;4;1;40;40;in stock;;;;;;
11;50ul LiHa Tips, pure, no filter, single wrapped;;Tecan;Tecan;30057811;30057811;D154816I-3409;a;C75;11.3;ul;50;pure;LiHa;tip box;2;6;1;12;12;in stock;;;;;;
12;200ul LiHa Tips, pure, no filter, single wrapped;;Tecan;Tecan;30057814;30057814;H176062G;2023-01-28;C75;11.3;ul;200;pure;LiHa;tip box;2;12;1;24;24;in stock;;;;;;
13;200ul LiHa Tips, pure, no filter, single wrapped;;Tecan;Tecan;30057814;30057814;D155559K-3115;2019-05;C75;11.3;ul;200;pure;LiHa;tip box;2;6;1;12;12;in stock;;;;;;
14;200ul MCA96 Wide Bore Tips, pure, no filter;;Tecan;Tecan;30050348;30050348;22120332;2027-03;C75;11.1;ul;200;pure;MCA96;tip box;10;4;1;40;40;in stock;;;Focal Biosciences;;;
15;500ul MCA96 Tips, sterile, filtered;;Tecan;Tecan;30046342;30046342;22170407;2026-04;C75;;ul;500;sterile & filtered;MCA96;tip box;10;1;1;10;10;in stock;;;;;;
16;1000ul LiHa, conductive, sterile, filter, 24 racks in 2er Blister;;LVL;LVL;TEC-1000-CPF-TS-B2;TEC-1000-CPF-TS-B2;970145/1;2026-01;C75;10.1;ul;1000;sterile & filtered;LiHa;tip box;2;12;1;24;24;in stock;;;;;;
17;1000ul LiHa, conductive, pure, wide bore, filter, 24 racks in 2er Blister;;LVL;LVL;TEC-1000-WB-CPF-B2;TEC-1000-WB-CPF-B2;974508/1-1;2025-12;C75;10.5;ul;1000;pure;LiHa;tip box;2;12;4;96;96;in stock;;;;;1 open;
18;1000ul LiHa, conductive, pure, wide bore, filter, 24 racks in 2er Blister;;LVL;LVL;TEC-1000-WB-CPF-B2;TEC-1000-WB-CPF-B2;961587/1;2025-12;C75;11.6;ul;1000;pure;LiHa;tip box;2;12;1;24;24;in stock;;;;;;
19;1000ul LiHa, conductive, pure, wide bore, filter, 24 racks in 2er Blister;;LVL;LVL;TEC-1000-WB-CPF-B2;TEC-1000-WB-CPF-B2;961587/1;2025-12;C75;11.5;ul;1000;pure;LiHa;tip box;2;12;2;48;48;in stock;;;;;;
20;1000ul LiHa, conductive, pure, wide bore, filter, 24 racks in 2er Blister;;LVL;LVL;TEC-1000-WB-CPF-B2;TEC-1000-WB-CPF-B2;961587/1;2025-12;C75;11.4;ul;1000;pure;LiHa;tip box;2;12;3;72;72;in stock;;;;;;
21;1000ul LiHa, conductive, pure, wide bore, filter, 24 racks in 2er Blister;;LVL;LVL;TEC-1000-WB-CPF-B2;TEC-1000-WB-CPF-B2;961587/1;2025-12;C75;10.2;ul;1000;pure;LiHa;tip box;2;12;4;96;96;in stock;;;;;;
22;1000ul LiHa, conductive, pure, wide bore, filter, 24 racks in 2er Blister;;LVL;LVL;TEC-1000-WB-CPF-B2;TEC-1000-WB-CPF-B2;966274/1;2025-11;C75;11.5;ul;1000;pure;LiHa;tip box;2;12;1;24;24;in stock;;;;;open;
23;1000ul LiHa, conductive, pure, wide bore, filter, 24 racks in 2er Blister;;LVL;LVL;TEC-1000-WB-CPF-B2;TEC-1000-WB-CPF-B2;966274/1;2025-11;C75;10.3;ul;1000;pure;LiHa;tip box;2;12;4;96;96;in stock;;;;;;
24;1000ul LiHa, conductive, pure, wide bore, filter, 24 racks in 2er Blister;;LVL;LVL;TEC-1000-WB-CPF-B2;TEC-1000-WB-CPF-B2;966274/1;2025-11;C75;10.4;ul;1000;pure;LiHa;tip box;2;12;4;96;96;in stock;;;;;;
25;1000ul LiHa, conductive, filter;;Tecan;Tecan;30184271;30184271;B1000-2001(1222-1);2023-12-31;C75;11.3;ul;1000;filtered;LiHa;tip box;1;1;1;1;1;in stock;;;;;;
26;12.5 µl, 384w ECO racks, sterile, filtered, low-retention;;Integra;Integra;3815;3815;99024734;;C75;4.1;ul;12.5;sterile & filtered;Hand pipette;tip box;10;0.8;1;8;8;in stock;;;;;open;
27;125 µl, 384w ECO racks, sterile, filtered, low-retention;;Integra;Integra;3825;3825;99026720;;C75;4.1;ul;125;sterile & filtered;Hand pipette;tip box;10;1;1;10;10;in stock;;;;;open;
28;125 µl, 384w ECO racks, sterile, filtered, low-retention;;Integra;Integra;3825;3825;99034855;;C75;4.1;ul;125;sterile & filtered;Hand pipette;tip box;10;1;1;10;10;in stock;;;;;;
29;100ul Universal Barrier Tips;;Neptune;Neptune;BT100;BT100;250775;;C75;7.1;ul;100;pure;Hand pipette;tip box;10;0.3;1;3;3;in stock;;;;;open;
30;100ul-1000ul Tips, filtered;;Axygen;Axygen;TF-1000-R-S;TF-1000-R-S;32324428;;C75;4.1;ul;1000;filtered;Hand pipette;tip box;10;0.7;1;7;7;in stock;;;;;open;
;20ul Biofil Zerotip Pipette Micro Tips, sterile,  filtered, low retention, natural, sterile;;Jet Biofil;Witec; PMT252020; PMT252020;250727-304-F;27.07.2028;C75;7.1;ul;20;sterile & filtered;Hand pipette;tip box;17;1;1;17;10;in stock;;;;;;
31;100ul Biofil Zerotip Pipette Micro Tips, sterile,  filtered, low retention, natural, sterile;;Jet Biofil;Witec; PMT252100; PMT252100;221217-305-D;;C75;7.1;ul;100;sterile & filtered;Hand pipette;tip box;10;2;1;20;10;in stock;;;;;Witec webshop login on bitwarden;
32;200ul Biofil Zerotip Pipette Micro Tips, sterile,  filtered, low retention, natural, sterile;;Jet Biofil;Witec;PMT231200;PMT231200;231121-306-F;;C75;7.1;ul;200;sterile & filtered;Hand pipette;tip box;19;1;1;19;10;in stock;;;;;Witec webshop login on bitwarden;
33;1000ul Biofil Zerotip Pipette Micro Tips, sterile,  filtered, low retention, natural, sterile;;Jet Biofil;Witec;PMT252000;PMT252000;231213-307-F;;C75;7.1;ul;1000;sterile & filtered;Hand pipette;tip box;10;1.5;1;15;10;in stock;;;;;Witec webshop login on bitwarden;
34;10ul Biofil Zerotip Pipette Micro Tips sterile, low retention, natural, with filter, sterile;;Jet Biofil;Witec;PMT252010;PMT252010;250727-294-F;27.07.2028;C75;7.1;ul;10;sterile & filtered;Hand pipette;tip box;16;1;1;16;10;in stock;;;;;Witec webshop login on bitwarden;
35;2-100ul Dualfilter T.I.P.S., sterile, filtered;;Eppendorf;Eppendorf;0030078543;0030078543;K196243K;;C75;7.1;ul;100;sterile & filtered;Hand pipette;tip box;10;0.2;1;2;2;in stock;;;;;open;
36;50-100ul Dualfilter T.I.P.S. ,sterile, filtered;;Eppendorf;Eppendorf;0030078578;0030078578;K198171N;;C75;7.1;ul;100;sterile & filtered;Hand pipette;tip box;10;0.4;1;4;4;in stock;;;;;open;
38;100uL Tips, filtered;;;;;;;;C75;4.1;ul;100;filtered;Hand pipette;tip box;1;2;1;2;0;in stock;;;;;don't reorder! Use the Jetbiofil tips!;
39;1000uL Tips, filtered;;Axygen;Axygen;;;;;C75;4.1;ul;1000;filtered;Hand pipette;tip box;1;8;1;8;0;in stock;;;;;don't reorder! Use the Jetbiofil tips!;
40;200uL Tips, PCR clean, refill;;Sarstedt;Sarstedt;70.3030.100;70.3030.100;;;C75;4.1;ul;200;pure;Hand pipette;tip box;5;1;1;5;0;in stock;;;;;don't reorder! Use the Jetbiofil tips!;
41;200uL TipOne Tips, PCR clean, refill;;Starlab;Starlab;S111-0706;S111-0706;;;C75;4.1;ul;200;sterile & filtered;Hand pipette;tip box;10;2;1;20;0;in stock;;;;;don't reorder! Use the Jetbiofil tips!;
42;200uL TipOne Tips, graduated, filtered, sterile, refill;;Starlab;Starlab;S1120-8810;S1120-8810;;;C75;4.1;ul;200;sterile;Hand pipette;tip box;10;1;1;10;0;in stock;;;;;don't reorder! Use the Jetbiofil tips!;
43;1250uL Tips XL, PCR clean, refill;;Sarsted;Sarsted;70.3060.100;70.3060.100;;;C75;4.1;ul;1250;pure;Hand pipette;tip box;5;1;1;5;0;in stock;;;;;don't reorder! Use the Jetbiofil tips!;
44;300uL Tips, graduated, sterile, filtered;;Starlab;Starlab;S1120-9810;S1120-9810;C112215J-2216;;C75;4.1;ul;300;sterile & filtered;Hand pipette;tip box;1;1;1;1;0;in stock;;;;;don't reorder! Use the Jetbiofil tips!;
45;10uL Tips, PCR clean, refill;;Sarstedt;Sarstedt;70.3010.100;70.3010.100;;;C75;4.1;ul;10;pure;Hand pipette;tip box;5;1;1;5;5;in stock;;;;;;
46;30uL Automation Tips for Prime Liquid Handler, single, non-filtered, non-sterile;;HighRes Biosolutions;HighRes Biosolutions;1076344;1076344;501C9-5004;;C75;2.2;ul;30;pure;MCA384;tip box;10;1.2;1;12;10;in stock;;;;;all open and used for Prime commissioning and SAT;
47;1000ul tips, filtered, RNase/DNase/protease/pyrogen free;;Opentrons;Opentrons;991-00006;991-00006;;;C75;2.1;ul;1000;filtered;LiHa;tip box;50;1;1;50;50;in stock;;;;;;
48;1000ul tips, filtered, RNase/DNase/protease/pyrogen free;;Opentrons;Opentrons;991-00006;991-00006;;;C75;1.1;ul;1000;filtered;LiHa;tip box;50;1;1;50;50;in stock;;;;;;
49;1000ul tips, RNase/DNase/protease/pyrogen free;;Opentrons;Opentrons;991-00005;991-00005;201017-1117;;C75;1.5;ul;1000;pure;LiHa;tip box;48;2.041666667;1;98;98;in stock;;;;;2 single boxes;
50;300ul tips, RNase/DNase/protease/pyrogen free;;Opentrons;Opentrons;999-00015;999-00015;20102-1126;;C75;1.6;ul;300;pure;LiHa;tip box;96;1.03125;1;99;99;in stock;;;;;open, 3 single boxes;
51;20ul tips, RNase/DNase/protease/pyrogen free;;Opentrons;Opentrons;991-00010;991-00010;;;C75;1.2;ul;20;pure;LiHa;tip box;50;1.02;1;51;51;in stock;;;;;1 single box;
52;20ul tips, RNase/DNase/protease/pyrogen free;;Opentrons;Opentrons;991-00014;991-00014;200803-1129;;C75;1.2;ul;20;pure;LiHa;tip box;50;1;1;50;50;in stock;;;;;;
53;20ul tips, RNase/DNase/protease/pyrogen free;;Opentrons;Opentrons;991-00010;991-00010;;;C75;1.6;ul;20;pure;LiHa;tip box;50;1;1;50;50;in stock;;;;;;
54;300ml automation-friendly reservoir, individually wrapped, sterile;;Integra;Integra;6327;6327;99002546;;C75;7.5;ml;300;;MCA96;reservoir;30;2;1;60;60;in stock;;;;;;
55;25mL reagent reservoir;;VWR;;;613-1175;89094-664;;C75;8.2;ml;25;;Hand pipette;reservoir;100;1;1;100;100;in stock;;;;;open (almost full);
56;50mL reagent reservoir;;VWR;Avantor;;613-1184;89094-682;;C75;8.2;ml;50;;Hand pipette;reservoir;100;1;1;100;100;in stock;;;;;open;
57;"Reservoir, single well, 384 bottom, high profile, sterile; (Organoids MG-coating)";;;;;RES-SW384-HP-SI;8218002;22.03.2021;C75;7.5;ml;;;MCA384;reservoir;25;0.84;1;21;21;in stock;;;;;;
58;Reservoir, 96 bottom, single well, high profile, sterile;;Axygen;;;RES-SW96-HP-SI;08921051;30.03.2024;C75;9.5;ml;;;MCA96;reservoir;25;0.24;1;6;6;in stock;;;;;single reservoirs;
59;AxyVoir Reservoir, 96 bottom, single well, high profile, sterile;;Axygen;;;RES-SW96-HP-SI;11321019;22.04.2024;C75;9.5;ml;;;MCA96;reservoir;25;2;1;50;50;in stock;;;;;;
60;300ml automation-friendly reservoir, individually wrapped, sterile;;Integra;Integra;6327;6327;99002184;;C75;7.5;ml;300;;MCA96;reservoir;30;0.233333333;1;7;7;in stock;;;;;single reservoirs;
61;300ml automation-friendly reservoir, individually wrapped, sterile;;Integra;Integra;6327;6327;990028132;;C75;7.5;ml;300;;MCA96;reservoir;30;1.366666667;1;41;41;in stock;;;Focal Biosciences;;1 open;
62;15mL Falcon Tubes;;Starlab;Starlab;E1415-0100;E1415-0100;210107-058;01.07.2024;C75;8.1;ml;15;;Hand pipette;tube;500;1;1;500;500;in stock;;;;;;
63;250ml centrifuge tubes, Plug seal cap, sterile, nonpyrogenic, polypropylen;;Corning;Corning;430776;430776;35424020;19.12.2027;C75;8.3;ml;250;sterile;Hand pipette;tube;6;17;1;102;102;in stock;;;;;;
64;500 ml centrifuge tubes, Plug seal cap, sterile, nonpyrogenic, polypropylen;;Corning;Corning;431123;431123;32024022;15.11.2027;C75;8.3;ml;500;sterile;Hand pipette;tube;6;6;1;36;36;in stock;;;;;;
65;Hirslanden Project - 0.2 mL PCR Tubes, PCR clean;;Eppendorf;Eppendorf;0030 124.332, 951010006;0030 124.332, 951010006;H177125G;28.01.2023;C75;5.3;ml;0.2;;Hand pipette;tube;1000;1;1;1000;1000;in stock;;;;;;
66;1.5mL DNA LoBind Tubes, PCR clean;;Eppendorf;Eppendorf;0030 108.051, 022431021;0030 108.051, 022431021;L203515J;;C75;4.2;ml;1.5;;Hand pipette;tube;250;1;1;250;250;in stock;;;;;;
67;1.5mL DNA LoBind Tubes, PCR clean;;Eppendorf;Eppendorf;0030 108.051, 022431021;0030 108.051, 022431021;I183312J;;C75;4.2;ml;1.5;;Hand pipette;tube;50;1;3;150;150;in stock;;;;;all open;
68;Invitrogen Qubit Assay Tubes, Ruef;;Thermo;Thermo;Q32856;Q32856;I3020;;C75;5.4;;;;Hand pipette;tube;500;1;1;500;500;in stock;;;;;;
69;Covaris g-Tube;;Covaris;Covaris;520079;520079;;;;5;;;;Hand pipette;tube;10;1;0.6;6;6;in stock;;;;;open;
70;1.5ml Safe-Lock Tubes;;Eppendorf;Eppendorf;0030 120.086;0030 120.086;K196025J;28.04.2029;C75;4.2;ml;1.5;;Hand pipette;tube;500;1;2;1000;1000;in stock;;;;;1 open;
71;1.5ml Safe-Lock Tubes;;Eppendorf;Eppendorf;0030 120.086;0030 120.086;L202814I;28.03.2030;C75;4.2;ml;1.5;;Hand pipette;tube;500;1;2;1000;1000;in stock;;;;;;
72;1.7ml MicroTubes Maxymum Recovery, clear;;Axygen;Axygen;MCT-175-L-C;MCT-175-L-C;3516001;;C75;4.2;ml;1.7;;Hand pipette;tube;250;1;2;500;500;in stock;;;;;1 open;
73;50mL Centrifuge Tubes;;Bioswisstec;Bioswisstec;53050;53050;A050319A;;C75;7.6;ml;50;;Hand pipette;tube;25;20;0.75;375;375;in stock;;;;;open;
74;50mL Centrifuge Tubes;;Bioswisstec;Bioswisstec;53050;53050;A090319A;;C75;8.4;ml;50;;Hand pipette;tube;25;20;1;500;500;in stock;;;;;;
75;50mL Centrifuge Tubes;;Bioswisstec;Bioswisstec;53050;53050;A100319A;;C75;8.4;ml;50;;Hand pipette;tube;25;20;1;500;500;in stock;;;;;;
76;50mL Centrifuge Tubes;;Bioswisstec;Bioswisstec;53050;53050;A090319A;;C75;8.6;ml;50;;Hand pipette;tube;25;20;1;500;500;in stock;;;;;open;
77;50mL Centrifuge Tubes;;Bioswisstec;Bioswisstec;53050;53050;A280219A;;C75;8.6;ml;50;;Hand pipette;tube;25;20;1;500;500;in stock;;;;;;
78;50mL Centrifuge Tubes;;Bioswisstec;Bioswisstec;53050;53050;A060319A;;C75;8.5;ml;50;;Hand pipette;tube;25;20;1;500;500;in stock;;;;;;
79;2mL Safe Lock Tubes;;Eppendorf;Eppendorf;0030120.094;0030120.094;K197151K;28.05.2029;C75;4.2;ml;2;;Hand pipette;tube;500;1;1;500;500;in stock;;;;;;
80;15mL Falcon Tubes;;Greiner_ Bio-One;Greiner_ Bio-One;188271;188271;;;C75;8.1;ml;15;;Hand pipette;tube;100;1;3;300;300;in stock;;;;;one bag placed on shelf in SSA;
81;Archiving Srew Cap 13mm;;Sarstedt;Sarstedt;65.643;65.643;;;C75;6.5;mm;13;;Hand pipette;cap;1000;5;0.6;3000;3000;in stock;;;;;1 bag open;
82;5mL tubes, 75x13mm, PP;;Sarstedt;Sarstedt;60.504.010;60.504.010;1040221;;C75;6.5;ml;5;;Hand pipette;tube;1000;2;2;4000;4000;in stock;;;;;2 bags open;
83;2mL Deep Well Plates, 96 square well, dual-barcoded, sterile;;Axygen;Axygen;391-04-071, P-2ml-SQ-C-2BC-S;391-04-071, P-2ml-SQ-C-2BC-S;25513000;;C75;9.2;ml;2;sterile;MCA96;plate;5;1;60;300;300;in stock;;;;;very old;
84;Costar Assay Plate 96 Well, flat bottom, culture treated, with lid, barcoded, sterile;Costar;Corning;Corning;8973BC;8973BC;24013024;27.08.2016;C75;9.1;;;sterile;MCA96;plate;20;1;1;20;20;in stock;;;;;used for Bacterial OD Readout, reserved for Leons Masters project;
85;Cell Culture Microplate 384 Well, PS, F-bottom, black, lid, sterile;;Greiner bio-one;Greiner bio-one;781090;781090;E20093KH;07.09.2024;C75;9.5;;;sterile;MCA384;plate;20;1;0.9;18;18;in stock;;;;;open;
86;PCR plate, 96 well, white, Low-profile, half-skirted, Lightcycler Type, 0.1mL, Ruef;;VWR;VWR;732-3496;732-3496;21104;01.02.2026;C75;5.4;ml;0.1;;MCA96;plate;10;1;1.2;12;12;in stock;;;;;2 from other package;
87;Ruef Mutagenomics - PCR MICROPLATE, 384 well pcr microplate, white, for Roche 480 light cycler;;Axygen;Axygen;PCR-384-LC480-W-NF;PCR-384-LC480-W-NF;24321000;;C75;5.4;;;;MCA384;plate;10;1;0.8;8;8;in stock;;;;;open;
88;Costar assay plate 96 well, clear round bottom, with lid, non-treated, sterile;Costar;Corning;Corning;;;8917044;29.03.2020;C75;9.1;;;sterile;MCA96;plate;20;1;1;20;20;in stock;;;;;open;
89;Wolfrum LentiTF Livrary - Microplate 384 Well, co, small volume, lobase, uclear, black, med. binding;;Greiner bio-one;Greiner bio-one;788876;788876;E160434J;;C75;5.4;;;;MCA384;plate;80;1;0.8625;69;69;in stock;;;;;open;
90;Lid for Microplate, PS, low profile, crystal-clear, sterile;;Greiner bio-one;Greiner bio-one;656191;656191;E21103CW;07.08.2024;C75;9.5;;;sterile;;lid;20;10;0.7;140;140;in stock;;;;;open;
91;Thermo AB Fisher Deep Well round bottom plates;Abgene;Thermo;Thermo;;;;;C75;9.1;;;;;plate;1;13;1;13;13;in stock;;;;;;
92;NEXUS CRISPR - Twin.tec PCR Plate 96, skirted, blue;Twin.tec;Eppendorf;Eppendorf;0030128.672;0030128.672;K200700R;28.12.2026;C75;9.1;;;;MCA96;plate;25;2;1;50;50;in stock;;;;;;
93;Twin.tec PCR Plate 384 LoBind, 45uL;Twin.tec;Eppendorf;Eppendorf;0030129.547;0030129.547;H176912H;28.02.2023;C75;9.5;ul;45;;MCA384;plate;25;1;0.8;20;20;in stock;;;;;open;
94;Microplate 384 Well, PS, F-bottom, lumitrac, med binding, white;;Greiner bio-one;Greiner bio-one;781075;781075;E16063NQ;;C75;9.1;;;;MCA384;plate;10;4;0.5;20;20;in stock;;;;;open;
95;Lid Ultra Low Profile, PS, clear, 127/85 MM, sterile;;Greiner bio-one;Greiner bio-one;691161;691161;E1602386;;C75;9.5;;;sterile;;lid;5;20;0.65;65;65;in stock;;;;;open;
96;Microplate, 96 Well,PS, F-bottom (chimney well), white, lumitrac, med binding;;Greiner bio-one;Greiner bio-one;655075;655075;E18083M6;;C75;9.1;;;;MCA96;plate;10;3;0.966666667;29;29;in stock;;;;;1 open;
97;Microplate 96 Well, PS, F-bottom (chimney well), black, fluotrac, med binding;;Greiner bio-one;Greiner bio-one;655076;655076;E190438W;;C75;9.1;;;;MCA96;plate;10;2;1;20;20;in stock;;;;;;
98;Cellstar cell culture multiwell plate, 24well, sterile;;Greiner bio-one;Greiner bio-one;662102;662102;E15093HP;2020-09;C75;9.4;;;sterile;Hand pipette;plate;1;4;1;4;4;in stock;;;;;;
99;Cell culture multiwell plate, 24well, sterile;;Greiner bio-one;Greiner bio-one;662160;662160;E15113G8;2019-11;C75;9.4;;;sterile;Hand pipette;plate;100;1;1;100;100;in stock;;;;;;
100;Cell culture multiwell plate, 6 well, sterile, for suspension culture;;Greiner bio-one;Greiner bio-one;657185;657185;E24073FR;07.07.2029;C75;9.4;;;sterile;Hand pipette;plate;100;1;1;100;100;in stock;;;;;open;
101;Cell culture multiwell plate, 48 well, for suspension culture, sterile;;Greiner bio-one;Greiner bio-one;677102;677102;E15113EL;2020-11;C75;9.3;;;sterile;Hand pipette;plate;100;1;1;100;100;in stock;;;;;open;
102;Cellstar cell culture multiwell plate, 48 well, sterile;;Greiner bio-one;Greiner bio-one;677180;677180;E1511339;2019-11;C75;9.3;;;sterile;Hand pipette;plate;100;1;1;100;100;in stock;;;;;;
103;Cell culture multiwell plate, 48 well, sterile;;Greiner bio-one;Greiner bio-one;677102;677102;E16083BP;31.07.2021;C75;9.3;;;sterile;Hand pipette;plate;100;1;1;100;100;in stock;;;;;open (almost full);
104;Microplate 96 Well, PP, V-bottom, sterile;;Greiner bio-one;Greiner bio-one;651261;651261;E20103BA;24.09.2025;C75;9.3;;;sterile;MCA96;plate;10;10;0.9;90;90;in stock;;;;;open;
105;"MICROPLATTE, 384 WELL, PS, F-BODEN, µCLEAR®,
SCHWARZ, MED. BINDING, 10 ST./BTL.";;Greiner bio-one;Greiner bio-one;781096;781096;E24033L3;04.03.2028;C75;9.5;;;sterile;MCA384;plate;10;1;1;10;32;low;;;;;NEXUS HRB MC02034 SAT;
106;HTS Transwell-96 Well Plate, with barcode, lid, receiver plate, tissue culture treated, PS, 3.0um polycarbonate membrane;;Corning;Corning;3386;3386;22421021;11.08.2024;C75;9.1;um;3;sterile;MCA96;plate;4;8;1;32;32;in stock;;;;;open;
107;CytoOne 96-Well Plate with Lid, flat bottom, non-treated, PS, sterile, individually wrapped;;Starlab;Starlab;CC7672-7596;CC7672-7596;2322102;;C75;9.1;;;sterile;MCA96;plate;50;1;1;50;50;in stock;;;;;;
108;C-Slide Cell Counting Chamber Slides;;NanoEntek;D-BIOL shop;;;2C21222B;21.08.2026;C75;7.4;;;;Hand pipette;cell culture consumable;50;1;3;150;50;in stock;;;;;D-BioL Shop, Witec, C-slides;
r;Cell Culture Flask T75cm2, 250mL;;;;658175;658175;E24063FQ;20280610;C75;8.2;cm2;75;sterile;Hand pipette;cell culture consumable;5;18;1;90;20;in stock;;;;;ordered in 2025;
110;Serological_pipette_2mL;;Greiner bio-one;Greiner bio-one;710180;710180;;;C75;7.2;ml;2;sterile;Hand pipette;serological pipette;;;0;0;1;low;;;;;expired;
111;Serological_pipette_25mL;;Greiner bio-one;Greiner bio-one;760180;760180;F210636Q;20260525;C75;7.2;ml;25;sterile;Hand pipette;serological pipette;;4;1;0;0;in stock;;;;;1 open;
112;Serological_pipette_10mL;;Greiner bio-one;Greiner bio-one;607180;607180;F210935S;20260819;C75;7.2;ml;10;sterile;Hand pipette;serological pipette;50;2;1;100;0;in stock;;;;;;
113;Serological_pipette_5mL;;Greiner bio-one;Greiner bio-one;606180;606180;F2110377;20260922;C75;7.2;ml;5;sterile;Hand pipette;serological pipette;;4;1;0;0;in stock;;;;;;
114;Serological_pipette_2mL;;Greiner bio-one;Greiner bio-one;;;;;C75;7.2;ml;2;sterile;Hand pipette;serological pipette;;;;0;0;in stock;;;;;;
115;Serological_pipette_5mL;;Greiner bio-one;Greiner bio-one;;;F2110377;20260922;C75;7.2;ml;5;sterile;Hand pipette;serological pipette;;;1;0;0;in stock;;;;;;
116;Serological_pipette_5mL;;Greiner bio-one;Greiner bio-one;;;F2107369;20260617;C75;7.2;ml;5;sterile;Hand pipette;serological pipette;;;1;0;0;in stock;;;;;;
117;Serological_pipette_5mL;;Greiner bio-one;Greiner bio-one;;;F190535X;20240427;C75;7.2;ml;5;sterile;Hand pipette;serological pipette;;;1;0;0;in stock;;;;;expired;
118;Serological_pipette_25mL;;Sarstedt;Sarstedt;86.1685.001;86.1685.001;3060K;2026-03;C75;7.3;ml;25;sterile;Hand pipette;serological pipette;25;8;0.625;125;125;in stock;;;;;open;
119;Serological_pipette_25mL;;Sarstedt;Sarstedt;86.1685.001;86.1685.001;4243K;2027-08;C75;7.3;ml;25;sterile;Hand pipette;serological pipette;25;8;0.75;150;150;in stock;;;;;open;
120;Serological_pipette_5mL;;Sarstedt;Sarstedt;86.1253.001;86.1253.001;4166E;2027-06;C75;7.4;ml;5;sterile;Hand pipette;serological pipette;50;2;1;100;100;in stock;;;;;;
121;Serological_pipette_5mL;;Sarstedt;Sarstedt;86.1253.001;86.1253.001;5058E;2028-02;C75;7.4;ml;5;sterile;Hand pipette;serological pipette;50;10;1;500;500;in stock;;;;;;
122;Serological_pipette_10mL;;Sarstedt;Sarstedt;86.1254.001;86.1254.001;4171E;2027-06;C75;7.3;ml;10;sterile;Hand pipette;serological pipette;50;3;1;150;150;in stock;;;;;;
123;Serological_pipette_10mL;;Sarstedt;Sarstedt;86.1254.001;86.1254.001;5041E;2028-02;C75;7.3;ml;10;sterile;Hand pipette;serological pipette;50;10;1;500;500;in stock;;;;;;
124;;;;;;;;;;;;;;;;;;;0;;in stock;;;;;;
125;Falcon Cell Strainer 40uL Nylon;;Corning;Corning;352340;352340;246262;;C75;7.4;ul;40;sterile;Hand pipette;cell culture consumable;50;1;1;50;50;in stock;;;;;open (>40 pieces left);
126;5ml BD Plastipak Luer lock syringes (for Certus);;BD;Huberlab;;3.7490.13;2304498;30.09.2027;C75;6.2;ml;5;sterile;;syringe;50;1;1;50;50;in stock;;;;;open;
127;5ml BD Plastipak Luer lock syringes (for Certus);;BD;Huberlab;;3.7490.13;2340656;30.09.2027;C75;6.2;ml;5;sterile;;syringe;50;2;1;100;100;in stock;;;;;open;
128;50ml Omnifix Luer lock solo syringe (for Certus);;Braun;;4617509F;;23A03D8005;01.01.2028;C75;6.2;ml;50;sterile;;syringe;20;1;1.25;25;25;in stock;;;;;5 syringes outside box;
129;50ml Omnifix Luer lock solo syringe (for Certus);;Braun;;4617509F;;25F27D8004;;C75;6.2;ml;50;sterile;;syringe;100;1;1;100;100;in stock;;;;;;
130;50ml BD Plastipak Luer lock syringes ;;BD;;300865;;2306720;;C75;6.2;ml;50;sterile;;syringe;;;;0;0;in stock;;;;;open, almost full;
131;1ml BD Plastipak Luer lock syringes ;;BD;;309628;;;;C75;6.2;ml;1;sterile;;syringe;;;;0;0;in stock;;;;;open, plastic bag;
132;MN Wash Plate;;Machery-Nagel;Machery-Nagel;740479.24;740479.24;1509/001;;C75;3.4;;;;MCA96;plate;24;1;0.75;18;18;in stock;;;;;open;
133;MN Wash Plate;;Machery-Nagel;Machery-Nagel;740479.24;740479.24;1306/001;;C75;3.4;;;;MCA96;plate;24;1;1;24;24;in stock;;;;;;
134;MN Wash Plate;;Machery-Nagel;Machery-Nagel;740479.24;740479.24;;;C75;3.4;;;;MCA96;plate;24;1;1;24;24;in stock;;;;;;
135;Premixed Tea buffer 10x;;Roche;Roche;11666690001;11666690001;610770000;;C75;3.4;L;4;;;reagent;1;1;1;1;1;in stock;;;;;;
136;BioTek  5000mL glass bottels;;Nexus;;;;;;C51;;L;5;;;bottle;2;1;1;2;2;in stock;;;;;;
137;BioTek  2000mL glass bottels;;Nexus;;;;;;C51;;L;2;;;bottle;3;1;1;3;3;in stock;;;;;;
138;Plastic Bottles 1L wide mouth;;Nalgene;;;;;;C75;3.3;L;1;;;bottle;6;1;1;6;6;in stock;;;;;;
139;Autoclave BSL2 Greiner Bio-One Special Disposable Bag, 130L,  700/1100 mm, with print;;;;649203;;129993/1;;C75;6.4;L;130;;;other;350;1;1;350;350;in stock;;;;;1 open,3x XX bags left;
140;Autoclave BSL2 Greiner Bio-One Special Disposable Bag,  700/1100 mm, with print;;;;649203;;E1301028;;C75;6.4;L;;;;other;300;1;1;300;300;in stock;;;;;1 open,3x XX bags left;
141;Autoclave BSL2 Greiner Bio-One Special Disposable Bag 10 L, PP, 300/500/0.05 MM, with print;;;;643203;;1703247957;;C75;6.4;L;10;;;other;500;1;0.24;120;120;in stock;;;;;1 open;
142;Autoclave BSL2 Greiner Bio-One Special Disposable Bag 10 L, PP, 300/500/0.05 MM, with print;;;;643203;;129809/1;;C75;6.4;L;10;;;other;500;1;1;500;500;in stock;;;;;open;
143;Adhesive Seal Applicator;;Thermo;;AB-1391;;;;C75;5.4;;;;;other;1;1;2;2;2;in stock;;;Ruef;;1 outside box;
144;Silicon Adhesive Film for PCR Plates;;VWR;;391-0644;;OI246G3 ;;C75;5.4;;;;;seal;25;1;1;25;25;in stock;;;Ruef;;open;
145;Nuclease-Free Water, Not DEPC Treated, Autoclaved, 0.2um filtered;;Ambion;;AM9937;;1905072;;C75;5.3;ml;50;;;reagent;10;1;0.5;5;5;in stock;;;Hirslanden Project;;open;
146;FFP2 respirator mask;;Allmed;;;;;;C75;6.1;;;;;other;51;4;1;204;204;in stock;;;;;;
147;Mask FFP2 NR;;BOLISI;Brack;;BS-9501L;;;C75;6.1;;;;;other;20;3;1;60;60;in stock;;;;;;
148;Microlance needles;;BD;;301300;;150516;;C75;6.1;;;;;cell culture consumable;100;1;1;100;100;in stock;;;;;open;
149;Microlance needles;;BD;;301300;;160206;;C75;6.1;;;;;cell culture consumable;100;1;1;100;100;in stock;;;;;open;
150;Gloves M, Nitril, Sempercare Safe;;Sempercare;D-BIOL shop;3000015997;;;;C75;6.3;;;;;other;100;13;1;1300;1000;in stock;;;;;;
151;Gloves L, Nitril, Sempercare Safe;;Sempercare;D-BIOL shop;3000015998;;;;C75;6.3;;;;;other;100;19;1;1900;1000;in stock;;;;;;
152;Gloves S, Nitril, Sempercare Safe;;Sempercare;D-BIOL shop;3000015997;;;;C75;6.3;;;;;other;100;15;1;1500;1000;in stock;;;;;;
153;Gloves XL, Nitril, Sempercare Safe;;Sempercare;D-BIOL shop;3000015999;;;;C75;6.3;;;;;other;100;16;1;1600;1000;in stock;;;;;;
154;Autoclave_bag_large;;Greiner;;;;;;C75;6.3;;;;;other;;;;0;0;in stock;;;;;;
155;Table_waste_bag ;;Brand;;759705;;;;C75;6.5;;;;;other;100;1;1;100;100;in stock;;;;;;
156;Kimtech wipes, tissue paper;;Kimberly Clark;D-BIOL shop;7552;;;;C75;6.1;;;;;other;286;23;1;6578;3000;in stock;;;;;open (almost full);
157;Special Waste containers from SGU;;;;;;;;C75;"3.1;3.2";;;;;other;11;1;1;11;3;in stock;;;;;;
158;Schiebeverschlussbeutel;;;;;;;;C75;6.4;;;;;other;;;;0;0;in stock;;;;;;
159;Paper towels;;axisoft;D-BIOL shop;;;;;C75;6.6;;;;;other;64;4;16;4096;1000;in stock;product arrived;SMH;;;;
160;Nunc Aluminium Seal Tape for 96 Well Plates;;Thermo;;232698;;LNA049B;;C75;4.3;;;;;seal;100;1;1;100;100;in stock;;;;;open;
161;Silverseal Sealer Aluminium;;Greiner Bio-One;;676090;;E21083AP;;C75;4.3;;;;;seal;100;2;1;200;200;in stock;;;;;;
162;Silverseal Sealer Aluminium;;Greiner Bio-One;;676090;;E18093SD;;C75;4.3;;;;;seal;100;1;1;100;100;in stock;;;;;;
163;Packaging paper;;;;;;;;C75;4.4;;;;;other;;;;0;0;in stock;;;;;from move;
164;Autoclave tape;;BIO-L Shop;;;;;;C75;6.1;;;;;other;1;3;1;3;2;in stock;;;;;;
165;125ul MCA384 Tips, sterile, no filter;;Tecan;Tecan;30138091;30138091;5158577;2024-03-28;C75;5.2;ul;125;sterile;MCA384;tip box;384;10;7;26880;26880;in stock;;;InSphero;;open;
166;200ul MCA96 Tips, pure, no filter;;Tecan;Tecan;30038616;30038616;14430319;2019-10;C75;5.2;ul;200;pure;MCA96;tip box;10;0.7;1;7;7;in stock;;;Aceto;;open;
167;50ul MCA96 Tips, pure, no filter;;Tecan;Tecan;30038606;30038606;22371181;2027-09;C75;5.3;ul;50;pure;MCA96;tip box;10;3.4;1;34;34;in stock;;;2025_snl_bornhauser_compounds;;open;
168;50ul MCA96 Tips, sterile, no filter;;Tecan;Tecan;30038607;30038607;19130431;2023-04;C75;5.3;ul;50;sterile;MCA96;tip box;10;4;1;40;40;in stock;;;2025_snl_ervin_organoids;;;
169;384-Well Low Dead Volume Microplate, Echo qualified;;Beckman Coulter;Beckman Coulter;LP-0200;LP-0200;006757884;;C75;9.5;;;;MCA384;plate;10;5;3;130;100;in stock;;;12 plates for 2025_snl_bornhauser_Compoundtransfer 2;;purchased Nov-2023;
170;384-Well PP 2.0 Microplate Echo Qualified;;Beckman Coulter;Beckman Coulter;"PP-0200; 001-14555";"PP-0200; 001-14555";0000111401;;C75;9.5;;;;MCA384;plate;10;10;0.9;90;90;in stock;;;;;open, box marked as do not reuse due to sealing does't work ;
171;384-Well PP 2.0 Microplate Echo Qualified;;Beckman Coulter;Beckman Coulter;"PP-0200; 001-14555";"PP-0200; 001-14555";0006524554;;C75;9.5;;;;MCA384;plate;10;10;1;100;100;in stock;;;;;;
172;MicroClime Environmental Microplate Lid;;Beckman Coulter;Beckman Coulter;LLS-0310;LLS-0310;080322-3;;C75;9.5;;;;;lid;10;5;1;50;50;in stock;;;;;;
173;XPeel Roll and Tape;;Azenta;Azenta; X-Tape_2000; X-Tape_2000;72054 A;31.12.2026;C75;4.3;;;;;other;1;4;1;4;4;in stock;;;;;delivered 18.08.2025;
174;Plastic Bottles 1L smal-mouth;;Nalgene;;;;;;C75;3.3;L;1;;;bottle;13;1;1;13;13;in stock;;;;;;
175;Spray bottle, Sprühflasche Zerstäuber sprayer 500ml;;Semadeni AG;D-BIOL shop;"	12285";100669;;;C75;3.3;;;;;bottle;9;1;1;9;1;in stock;;;;;;
176;Sharpsafe safety box, 114x101x36 mm, 0.25L;;;Huberlab;;;;;C75;6.1;;;;;other;1;1;1;1;1;in stock;;;;;;
177;Dust Pan and Brush;oxo;oxo;Galaxus;1334280;;;;C75;6.1;;;;;other;1;1;1;1;1;in stock;;;;;for Biosafety spill kit;
178;Chemical sorbent pads;fisherbrand;fisherbrand;fisherscientific;15853720;FBEU1000E;;;C75;3.6;;;;;other;100;1;1;100;100;in stock;;;;;for Biosafety spill kit;
179;70ul Automation tips for Prime Liquid Handler;;HighRes Biosolutions;HighRes Biosolutions;1076372;1076372;531C9-5215;2029-07;C75;2.2;;70;pure;MCA96;tip box;10;5;3;150;10;in stock;;;;;ordered by HighRes team for the Prime SAT ;
180;LN tank inletst/lids;;;;;;;;C75;4.5;;;;;spare part;2;1;1;2;2;in stock;;;;;;
181;AC/DC adapter for LN tank alarm power unit;;;;;;;;C75;4.5;;;;;spare part;1;1;1;1;1;in stock;;;;;;
182;Moweden controls M284CE 5693 for LN tank alarm system;;;;;;;;C75;4.5;;;;;other;1;1;1;1;1;in stock;;;;;;
183;Clear Peelable Seal for PlateLoc;;Agilent;Agilent;16985-001;16985-001;E00613;;C75;4.3;;;;;seal;1;1;1;1;1;in stock;;;;;;
184;Peelable Aluminium Seal for PlateLoc;;Agilent;Agilent;24210-001;24210-001;74250607A;24.09.2016;C75;4.3;;;;;seal;1;1;1;1;1;in stock;;;;;;
185;Peelable Aluminium Seal;;Agilent;Agilent;24210-001;24210-001;756230308;;C75;4.3;;;;;seal;1;1;1;1;1;in stock;;;;;;
186;Aluminium RT Seal for PlateLoc;;Agilent;Agilent;24214-001;24214-001;USS21PLCL5101;;C75;5.4;;;;;seal;1;1;1;1;1;in stock;;;Bode compounds;;;
187;Universal Peel Heat Seal for PlateLoc;;4titude;4titude;4ti-0524;4ti-0524;;;C75;4.3;;;;;seal;2;1;1;2;2;in stock;;;;;Used test seal;
188;Pierce Heat Seal for PlateLoc;;4titude;4titude;4ti-0532;4ti-0532;;;C75;4.3;;;;;seal;1;1;1;1;1;in stock;;;;;Used test seal;
189;De-Sealer Adhesive;;4titude;4titude;4ti-0513;4ti-0513;;;C75;4.3;;;;;seal;1;1;1;1;1;in stock;;;;;Used test seal;
190;Clear Permanent Seal for PlateLoc;;Agilent;Agilent;24212-081;24212-081;USS22PLCK1001;;C75;5.4;;;;;seal;1;1;1;1;1;in stock;;;Bode compounds;;Used test seal;
191;XPeel cleaning sets;;Azenta;Azenta;;;;;C75;4.3;;;;;other;3;1;1;3;3;in stock;;;;;very old;
192;Label Roll for SciPrint;;Scinomix;Scinomix;2000-189;2000-189;430771;;C75;4.3;;;;;labels;1;1;1;1;1;in stock;;;;;;
193;Bottle caps with 1/4 inch filling/venting closure and tubing, PP;;Nalgene;Thermo Scientific;;;;;C75;3.3;;;;;cap;2;1;1;2;2;in stock;;;;;;
194;Canister screw caps tubing kit SRNG autoclave ASBY;;;;;;;;C75;3.2;;;;;other;6;1;1;6;6;in stock;;;;;Several sizes;
195;2.0mL Deep Well, Plate, 96 Square Wells, Clear, Sterile;;Axygen;Sigma;P-2ML-SQ-C-S;;32824005;14.11.2027;C75;9.6;;;;;plate;5;4;1;20;10;in stock;;;;;NEXUS HRB MC02034 SAT;
196;Bubble wrap;;;;;;;;C75;4.4;;;;;other;1;1;1;1;0;in stock;;;;;;
197;Plastic film for packaging;;;;;;;;C75;4.4;;;;;other;1;1;1;1;0;in stock;;;;;;
198;SteriStore mister pack component;;HighRes Biosolutions;HighRes Biosolutions;;;;;C41;1.1;;;;;spare part;1;1;1;1;0;in stock;;;;;;
199;SteriStore electronic board;;HighRes Biosolutions;HighRes Biosolutions;;;;;C41;1.1;;;;;spare part;1;1;1;1;0;in stock;;;;;;
200;NucleusPod doors;;HighRes Biosolutions;HighRes Biosolutions;;;;;C41;1.1;;;;;spare part;2;1;1;2;0;in stock;;;;;;
201;ZCell gripper fingers, extended, thick;;HighRes Biosolutions;HighRes Biosolutions;;;;;C41;1.1;;;;;accessory;1;1;1;1;0;in stock;;;;;In MC02034 and MC02036 accessories box;
202;Air bladder ;;HighRes Biosolutions;HighRes Biosolutions;;;;;C41;1.1;;;;;spare part;1;1;1;1;0;in stock;;;;;In MC02034 and MC02036 accessories box;
203;NucleusPod metal parts;;HighRes Biosolutions;HighRes Biosolutions;;;;;C41;1.1;;;;;spare part;5;1;1;5;0;in stock;;;;;In MC02034 and MC02036 accessories box;
204;MC02034 enclosure door sensor brackets;;HighRes Biosolutions;HighRes Biosolutions;;;;;C41;1.1;;;;;spare part;3;1;1;3;0;in stock;;;;;In MC02034 and MC02036 accessories box;
205;Serial port controller;;HighRes Biosolutions;HighRes Biosolutions;;;;;C41;1.1;;;;;spare part;1;1;1;1;0;in stock;;;;;In MC02034 and MC02036 accessories box;
206;NucleusPod metal brackets;;HighRes Biosolutions;HighRes Biosolutions;;;;;C41;1.1;;;;;spare part;4;1;1;4;0;in stock;;;;;In MC02034 and MC02036 accessories box;
207;NucleusPod plastic parts;;HighRes Biosolutions;HighRes Biosolutions;;;;;C41;1.1;;;;;spare part;3;1;1;3;0;in stock;;;;;In MC02034 and MC02036 accessories box;
208;Enclosure gasket rolls;;HighRes Biosolutions;HighRes Biosolutions;;;;;C41;1.2;;;;;spare part;3;1;1;3;0;in stock;;;;;;
209;SteriStore spare mister pack (new model);;HighRes Biosolutions;HighRes Biosolutions;;;;;C41;1.2;;;;;accessory;1;1;1;1;0;in stock;;;;;;
210;SteriStore mister pack packagings;;HighRes Biosolutions;HighRes Biosolutions;;;;;C41;1.2;;;;;other;3;1;1;3;0;in stock;;;;;;
211;Prime spare nests;;HighRes Biosolutions;HighRes Biosolutions;;;;;C41;1.3;;;;;spare part;2;1;1;2;0;in stock;;;;;In Prime Accessories box;
212;Prime spare air tubing;;HighRes Biosolutions;HighRes Biosolutions;;;;;C41;1.3;;;;;spare part;1;1;1;1;0;in stock;;;;;In Prime Accessories box;
213;Prime spare pins, large;;HighRes Biosolutions;HighRes Biosolutions;;;;;C41;1.3;;;;;spare part;2;1;1;2;0;in stock;;;;;In Prime Accessories box;
214;Prime spare pins, small;;HighRes Biosolutions;HighRes Biosolutions;;;;;C41;1.3;;;;;spare part;4;1;1;4;0;in stock;;;;;In Prime Accessories box;
215;Prime external waste robot chute;;HighRes Biosolutions;HighRes Biosolutions;;;;;C41;1.3;;;;;accessory;1;1;1;1;0;in stock;;;;;;
216;BioShake flat adapter spare screw;;QInstruments;QInstruments;;;;;C41;1.3;;;;;spare part;1;1;1;1;0;in stock;;;;;In QInstruments box;
217;Screw driver for BioShake adapters;;;;;;;;C41;1.3;;;;;accessory;2;1;1;2;0;in stock;;;;;In QInstruments box;
218;MultiScreenHTS Vacuum Manifold spare parts;;Merck;Merck;;;;;C41;1.3;;;;;spare part;1;1;1;1;0;in stock;;;;;In Vacuum station box;
219;BioShake mounting screws;;QInstruments;QInstruments;;;;;C41;1.3;;;;;spare part;3;2;1;6;0;in stock;;;;;In QInstruments box;
220;BioShake spare power cable;;QInstruments;QInstruments;;;;;C41;1.3;;;;;spare part;1;1;1;1;0;in stock;;;;;In QInstruments box;
221;MultiScreenHTS Vacuum Manifold spare tubing;;Merck;Merck;;;;;C41;1.3;;;;;spare part;1;1;1;1;0;in stock;;;;;In Prime Accessories box;
222;MultiScreenHTS Vacuum Manifold bottle lid;;Merck;Merck;;;;;C41;1.3;;;;;accessory;1;1;1;1;0;in stock;;;;;In Prime Accessories box;
223;MultiScreenHTS Vacuum Manifold bottle lid with tubing conncetors;;Merck;Merck;;;;;C41;1.3;;;;;spare part;1;1;1;1;0;in stock;;;;;In Prime Accessories box;
224;Prime spare ethernet cable;;HighRes Biosolutions;HighRes Biosolutions;;;;;C41;1.3;;;;;spare part;1;1;0;0;0;in stock;;;;;In Prime Accessories box;
225;Prime spare power cable extensions;;HighRes Biosolutions;HighRes Biosolutions;;;;;C41;1.3;;;;;spare part;1;1;1;1;0;in stock;;;;;In Prime Accessories box;
226;Prime spare power cable;;HighRes Biosolutions;HighRes Biosolutions;;;;;C41;1.3;;;;;spare part;1;1;1;1;0;in stock;;;;;In Prime Accessories box;
227;Prime spare USB cable;;HighRes Biosolutions;HighRes Biosolutions;;;;;C41;1.3;;;;;spare part;1;1;1;1;0;in stock;;;;;In Prime Accessories box;
228;High voltage power cables end extensions;;;;;;;;C41;2.1;;;;;accessory;3;1;1;3;0;in stock;;;;;In Electronics box;
229;Power cables and extensions;;;;;;;;C41;2.1;;;;;accessory;2;1;1;2;0;in stock;;;;;In Electronics box;
230;Echo air compressor;;Beckman Coulter;Beckman Coulter;;;;;C41;3.1;;;;;accessory;1;1;1;1;0;in stock;;;;;;
231;MicroDock L upgrade materials planned 2020;;HighRes Biosolutions;HighRes Biosolutions;;;;;C41;1.4;;;;;spare part;1;1;1;1;0;in stock;;;;;Might work for XDocks;
232;SteriStore spare display (new model);;HighRes Biosolutions;HighRes Biosolutions;;;;;C41;1.1;;;;;spare part;1;1;1;1;0;in stock;;;;;;
233;SteriStore spare parts (old model);;HighRes Biosolutions;HighRes Biosolutions;;;;;C41;1.4;;;;;spare part;1;1;1;1;0;in stock;;;;;Many items in Old SteriStore Accessories box;
234;SteriStore 24-position stackers;;HighRes Biosolutions;HighRes Biosolutions;;;;;C41;"1.5;2.6";;;;;accessory;21;1;1;21;0;in stock;;;;;;
235;SteriStore 8-position stackers;;HighRes Biosolutions;HighRes Biosolutions;;;;;C41;2.6;;;;;accessory;6;1;1;6;0;in stock;;;;;;
236;Plugbar;;;;;;;;C41;2.1;;;;;accessory;3;1;1;3;0;in stock;;;;;In Electronics box;
237;Tubings, fittings and screws;;Agilent;Agilent;;;;;C41;2.2;;;;;spare part;1;1;1;1;0;in stock;;;;;In Agilent Accessories bag;
238;SciPrint part barcode readers;;Scinomix;Scinomix;;;;;C41;2.2;;;;;spare part;2;1;1;2;0;in stock;;;;;In SciPrint Accessories box;
239;SciPrint power supply;;Scinomix;Scinomix;;;;;C41;2.2;;;;;spare part;1;1;1;1;0;in stock;;;;;In SciPrint Accessories box;
240;SciPrint serial cable;;Scinomix;Scinomix;;;;;C41;2.2;;;;;spare part;1;1;1;1;0;in stock;;;;;In SciPrint Accessories box;
241;M1000 InfinitePro transport lock;;Tecan;Tecan;;;;;C41;2.2;;;;;accessory;1;1;1;1;0;in stock;;;;;;
242;BioTek SVCE Manifold 96 Tube Upper;;Agilent;Agilent;7102064S;7102064S;;16.06.2017;C41;2.2;;;;;accessory;1;1;1;1;0;in stock;;;;;;
243;BioTek SVCE Manifold 96 Tube Lower 20 DEG;;Agilent;Agilent;7102226S;7102226S;;07.08.2017;C41;2.2;;;;;accessory;2;1;1;2;0;in stock;;;;;In use since 2017-08-23;
244;BioTek 192 Spare Manifold;;Agilent;Agilent;7170026;7170026;;;C41;2.2;;;;;accessory;1;1;1;1;0;in stock;;;;;;
245;5uL BioTek Replacement Tubing Kit Large Bore;;Agilent;Agilent;7170012;7170012;;;C41;2.2;;;;;accessory;3;1;1;3;0;in stock;;;;;In BioTek Accessories box;
246;BioTek EL406 transport locks;;Agilent;Agilent;;;;;C41;2.2;;;;;accessory;1;1;1;1;1;in stock;;;;;In BioTek Accessories box;
247;5uL BioTek Cassette;;Agilent;Agilent;7170024;7170024;;;C41;2.2;;;;;accessory;1;1;1;1;0;in stock;;;;;"Used with water and bromphenol blue; in BioTek Accessories box";
248;5uL BioTek Extension Tubes Kit;;Agilent;Agilent;7170021;7170021;;;C41;2.2;;;;;accessory;1;1;1;1;0;in stock;;;;;"From July 2017; in BioTek Accessories box";
249;BioTek EL406 waste tubing;;Agilent;Agilent;;;;;C41;2.2;;;;;spare part;1;1;1;1;0;in stock;;;;;In BioTek Accessories box;
250;BioTek EL406 overflow bottle cap with tubings and liquid sensor;;Agilent;Agilent;;;;;C41;2.2;;;;;accessory;1;1;1;1;0;in stock;;;;;In BioTek Accessories box;
251;BioTek EL406 Supply Tubing Teflon ASBY (new);;Agilent;Agilent;7180541;7180541;;;C41;2.2;;;;;accessory;1;1;1;1;0;in stock;;;;;In BioTek Accessories box;
252;BioTek EL406 Supply Tubing Silicon (used);;Agilent;Agilent;;;;;C41;2.2;;;;;accessory;1;1;1;1;0;in stock;;;;;"Used with PBS and water, not DMSO compatible; in BioTek Accessories box";
253;BioTek unclotting kit;;Agilent;Agilent;7180039;7180039;;;C41;2.2;;;;;accessory;1;1;1;1;1;in stock;;;;;In BioTek Accessories box;
254;BioTek EL406 Supply Tubing Silicon (used);;Agilent;Agilent;;;;;C41;2.2;;;;;accessory;1;1;1;1;0;in stock;;;;;In BioTek Accessories box;
255;BioTek EL406 plastic waste reservoirs;;Agilent;Agilent;;;;;C41;2.2;;;;;accessory;1;1;1;1;0;in stock;;;;;In BioTek Accessories box;
256;BioTek EL406 cassette holder plastic part;;Agilent;Agilent;;;;;C41;2.2;;;;;accessory;1;1;1;1;0;in stock;;;;;In BioTek Accessories box;
257;SteriStore waste bottle 10L;;Nalgene;Nalgene;;;;;C41;1.4;L;10;;;bottle;1;1;1;1;0;in stock;;;;;;
258;ViaFill Tubing Sets 5-9,999uL 8 Channel Cassette, pre-sterilized;;Integra;Integra;5724;5724;PRO24337;;C41;2.3;;;;;accessory;1;5;1.4;7;0;in stock;;;;;Each one opened per box;
259;ViaFill Tubing Sets 5-9,999uL 8 Channel Cassette 300mm, extended;;Integra;Integra;5724;5724;;;C41;2.3;;;;;accessory;1;5;0.6;3;0;in stock;;;;;One opened;
260;Liconic Power Cables;;;;;;;;C41;2.3;;;;;spare part;2;1;1;2;0;in stock;;;;;In Liconic Accessories bag;
261;Liconic tubing;;;;;;;;C41;2.3;;;;;spare part;1;1;1;1;0;in stock;;;;;In Liconic Accessories bag;
262;Old ACell gripper finger pads;;HighRes Biosolutions;HighRes Biosolutions;;;;;C41;1.4;;;;;spare part;2;1;1;2;0;in stock;;;;;;
263;Cell culture shaker insert;;;;;;;;C41;3.2;;;;;accessory;1;1;1;1;1;in stock;;;;;;
264;Brady label printer accessories;;Brady;Brady;;;;;C41;2.1;;;;;accessory;1;1;1;1;0;in stock;;;;;In Brady box;
265;Peristaltic pump power cables ;;;;;;;;C41;3.2;;;;;accessory;3;1;1;3;0;in stock;;;;;In Peristaltic Pump Tubings bag;
266;Peristaltic pump tubings;;;;;;;;C41;3.2;;;;;accessory;3;1;1;3;0;in stock;;;;;In Peristaltic Pump Tubings bag;
267;Peristaltic pump tubing connectors;;;;;;;;C41;3.2;;;;;accessory;1;1;1;1;0;in stock;;;;;Many in different sizes, in Peristaltic Pump Tubings bag;
268;Testo 175 data logger accessories;;;;;;;;C41;2.1;;;;;accessory;1;1;1;1;0;in stock;;;;;;
269;Fluent transport handles;;Tecan;Tecan;;;;;C41;2.4;;;;;accessory;1;1;1;1;1;in stock;;;;;;
270;Fluent transport styropore pieces;;Tecan;Tecan;;;;;C41;"2.5;3.5";;;;;other;5;1;1;5;5;in stock;;;;;;
271;Plastic Bottles 1 Gal;;Nalgene;;;;;;C75;3.3;gal;1;;;bottle;2;1;1;2;0;in stock;;;;;;
272;Cap for Plastic Bottles 1 Gal;;Nalgene;;;;;;C75;3.3;;;;;cap;1;1;1;1;0;in stock;;;;;;
273;Plastic baskets 20L;;;;;;;;C75;3.5;L;20;;;other;2;1;1;2;0;in stock;;;;;;
274;Canister for dH2O with tubing, 10L;;;;;;;;C75;3.3;L;10;;;bottle;1;1;1;1;0;in stock;;;;;;
275;BSL-2 waste bins;;;;;;;;C75;;;;;;other;1;1;1;1;0;in stock;;;;;;
276;BSL-2 waste bin lids;;;;;;;;C75;;;;;;lid;3;1;1;3;0;in stock;;;;;;
277;Serological Pipette 50mL;Greiner;Greiner bio-one;D-BIOL Shop;768180;;F250635N;08.06.2030;C75;7.4;ml;50;sterile & filtered;Hand pipette;serological pipette;20;4;1;80;50;in stock;;;;;;
278;Disposable throughs;Tecan;Tecan;Tecan;10613049;;94300;28.08.2026;C75;11.1;;;;;reservoir;6;10;1;60;0;in stock;;;;;;
279;Tips, non-filtered, non-sterile, 1000ul;Axygen;Axygen;;;;;;C75;4.1;ul;1000;;Hand pipette;tip box;26;1;1;26;0;in stock;;;;;filter test ;
280;Autoclave BSL2 Greiner Bio-One Special Disposable Bag 10 L, PP, 300/500/0.05 MM, with print;Greiner;Greiner bio-one;;643203;;1703247957;;C75;6.5;;;;;;100;1;1;100;1;in stock;;;;;opened;
281;Microplate 96 Well, PP, V-bottom, sterile;;Greiner bio-one;Greiner bio-one;651261;651261;E18083TR;08.08.2023;C75;9.3;;;sterile;MCA96;plate;10;10;0.1;10;0;in stock;;;;;;
282;30uL Automation Tips for Prime Liquid Handler, single, non-filtered, sterile, 96-rack;;HighRes Biosolutions;HighRes Biosolutions;1076364;;90419-540C9 5272;Sep 28;C75;2.4;ul;30;sterile;MCA96;tip box;9;5;1;45;10;in stock;;;;;47 Boxes left (SFH);
283;30uL Automation Tips for Prime Liquid Handler, single, non-filtered, sterile, 384-Rack;;HighRes Biosolutions;HighRes Biosolutions;1076345;;90401-520C9-5137;May 28;C75;2.4;ul;30;sterile;MCA384;tip box;10;5;1;50;10;in stock;;;;;;
284;70uL Automation Tips for Prime Liquid Handler, single, non-filtered, sterile, 384 -rack;;HighRes Biosolutions;HighRes Biosolutions;1076356;;90399-517C9-5115;Apr 28;C75;2.5;ul;70;sterile;MCA384;tip box;10;5;1;50;10;in stock;;;;;;
285;Poster: Emergencies in the lab - what do do? SGU ETH Zurich;;ETH Zurich;ETH Zurich;;;;;C75;4.5;;;;;other;13;1;1;13;1;in stock;;;;;;
286;Sweepings bag 110 l (Wastebag);Webstar;Brack;Brack;7690;1407583;;;C75;6.1;;;;;;8;1;1;8;2;in stock;product arrived;SMH;;16.02.2026;;
287;70ul Automation tips for Prime Liquid Handler, single, non-filtered, sterile, 96 -rack;;HighRes Biosolutions;HighRes Biosolutions;1076373;1076373;90435 - 550C9 - 5348;2028-12;C75;2.5;;70;sterile;MCA96;tip box;10;5;1;50;10;in stock;;;;;;
288;Metal pin for Xdock;;HighRes Biosolutions;HighRes Biosolutions;;;;;C41;1.1;;;;;spare part;1;1;1;1;0;in stock;;;;;In MC02034 and MC02036 accessories box;
289;Gas tubings;;HighRes Biosolutions;HighRes Biosolutions;;;;;C41;1.1;;;;;spare part;2;1;1;2;0;in stock;;;;;In MC02034 and MC02036 accessories box;
290;FBS, non-inactivated;;Gibco Life technologies;D-BIO Shop;A5256701;102733;B2982121RP;06/2030;C21;freezer;;1;sterile;;cell culture consumable;1;;;10;1;in stock;;SFH;FTE_2026_snl_3RCC_animalfree_hydrogels;;not Aliquotted yet;
291;DMEM high glucose GlutaMAX pyruvat;;Gibco Life technologies;D-BIO Shop;31966021;100299;3256049;11/2026;;;;;;;cell culture consumable;5;;;5;1;in stock;;SFH;FTE_2026_snl_3RCC_animalfree_hydrogels;;;
292;DPBS, no Ca, no Mg;;Gibco Life technologies;D-BIO Shop;14190144;102486;3315560;Dez 28;C75;5.1;;;;;cell culture consumable;10;;;10;1;in stock;;SFH;FTE_2026_snl_3RCC_animalfree_hydrogels;;;
293;Trypsin-EDTA 0.25%, phenol red;;Gibco Life technologies;D-BIO Shop;25200056;100296;3259231;01.12.2027;C21;freezer;;;;;cell culture consumable;10;;;1;1;in stock;;SFH;FTE_2026_snl_3RCC_animalfree_hydrogels;;not Aliquotted yet;
294;Cellstar cell culture flask 50mL, 25cm2, PS, red filter screw cap, clear, sterile;Cellstar;Greiner bio-one;Greiner bio-one;690175;690175;E251235L;20.11.2029;C75;5.1;cm2;25;sterile;Hand pipette;cell culture consumable;10;20;1;200;20;in stock;product arrived;SFH;FTE_2026_snl_3RCC_animalfree_hydrogels;;;
295;;;;;;;;;;;;;;;;;;;0;;in stock;;;;;;
296;;;;;;;;;;;;;;;;;;;0;;in stock;;;;;;
297;;;;;;;;;;;;;;;;;;;0;;in stock;;;;;;
298;;;;;;;;;;;;;;;;;;;0;;in stock;;;;;;
299;;;;;;;;;;;;;;;;;;;0;;in stock;;;;;;
300;;;;;;;;;;;;;;;;;;;0;;in stock;;;;;;
301;;;;;;;;;;;;;;;;;;;0;;in stock;;;;;;
302;;;;;;;;;;;;;;;;;;;0;;in stock;;;;;;
303;;;;;;;;;;;;;;;;;;;0;;in stock;;;;;;
304;;;;;;;;;;;;;;;;;;;0;;in stock;;;;;;
305;;;;;;;;;;;;;;;;;;;0;;in stock;;;;;;
306;;;;;;;;;;;;;;;;;;;0;;in stock;;;;;;
307;;;;;;;;;;;;;;;;;;;0;;in stock;;;;;;
308;;;;;;;;;;;;;;;;;;;0;;in stock;;;;;;
309;;;;;;;;;;;;;;;;;;;0;;in stock;;;;;;
310;;;;;;;;;;;;;;;;;;;0;;in stock;;;;;;
311;;;;;;;;;;;;;;;;;;;0;;in stock;;;;;;
312;;;;;;;;;;;;;;;;;;;0;;in stock;;;;;;
313;;;;;;;;;;;;;;;;;;;0;;in stock;;;;;;
314;;;;;;;;;;;;;;;;;;;0;;in stock;;;;;;
315;;;;;;;;;;;;;;;;;;;0;;in stock;;;;;;
316;;;;;;;;;;;;;;;;;;;0;;in stock;;;;;;
317;;;;;;;;;;;;;;;;;;;0;;in stock;;;;;;
318;;;;;;;;;;;;;;;;;;;0;;in stock;;;;;;
319;;;;;;;;;;;;;;;;;;;0;;in stock;;;;;;
320;;;;;;;;;;;;;;;;;;;0;;in stock;;;;;;
321;;;;;;;;;;;;;;;;;;;0;;in stock;;;;;;
322;;;;;;;;;;;;;;;;;;;0;;in stock;;;;;;
323;;;;;;;;;;;;;;;;;;;0;;in stock;;;;;;
324;;;;;;;;;;;;;;;;;;;0;;in stock;;;;;;
325;;;;;;;;;;;;;;;;;;;0;;in stock;;;;;;
326;;;;;;;;;;;;;;;;;;;0;;in stock;;;;;;
327;;;;;;;;;;;;;;;;;;;0;;in stock;;;;;;
328;;;;;;;;;;;;;;;;;;;0;;in stock;;;;;;
329;;;;;;;;;;;;;;;;;;;0;;in stock;;;;;;
330;;;;;;;;;;;;;;;;;;;0;;in stock;;;;;;
331;;;;;;;;;;;;;;;;;;;0;;in stock;;;;;;
332;;;;;;;;;;;;;;;;;;;0;;in stock;;;;;;
333;;;;;;;;;;;;;;;;;;;0;;in stock;;;;;;
334;;;;;;;;;;;;;;;;;;;0;;in stock;;;;;;
335;;;;;;;;;;;;;;;;;;;0;;in stock;;;;;;
336;;;;;;;;;;;;;;;;;;;0;;in stock;;;;;;
337;;;;;;;;;;;;;;;;;;;0;;in stock;;;;;;
338;;;;;;;;;;;;;;;;;;;0;;in stock;;;;;;
339;;;;;;;;;;;;;;;;;;;0;;in stock;;;;;;
340;;;;;;;;;;;;;;;;;;;0;;in stock;;;;;;
341;;;;;;;;;;;;;;;;;;;0;;in stock;;;;;;
342;;;;;;;;;;;;;;;;;;;0;;in stock;;;;;;
343;;;;;;;;;;;;;;;;;;;0;;in stock;;;;;;
344;;;;;;;;;;;;;;;;;;;0;;in stock;;;;;;
345;;;;;;;;;;;;;;;;;;;0;;in stock;;;;;;
346;;;;;;;;;;;;;;;;;;;0;;in stock;;;;;;
347;;;;;;;;;;;;;;;;;;;0;;in stock;;;;;;
348;;;;;;;;;;;;;;;;;;;0;;in stock;;;;;;
349;;;;;;;;;;;;;;;;;;;0;;in stock;;;;;;
350;;;;;;;;;;;;;;;;;;;0;;in stock;;;;;;
351;;;;;;;;;;;;;;;;;;;0;;in stock;;;;;;
352;;;;;;;;;;;;;;;;;;;0;;in stock;;;;;;
353;;;;;;;;;;;;;;;;;;;0;;in stock;;;;;;
354;;;;;;;;;;;;;;;;;;;0;;in stock;;;;;;
355;;;;;;;;;;;;;;;;;;;0;;in stock;;;;;;
356;;;;;;;;;;;;;;;;;;;0;;in stock;;;;;;
357;;;;;;;;;;;;;;;;;;;0;;in stock;;;;;;
358;;;;;;;;;;;;;;;;;;;0;;in stock;;;;;;
359;;;;;;;;;;;;;;;;;;;0;;in stock;;;;;;
360;;;;;;;;;;;;;;;;;;;0;;in stock;;;;;;
361;;;;;;;;;;;;;;;;;;;0;;in stock;;;;;;
362;;;;;;;;;;;;;;;;;;;0;;in stock;;;;;;
363;;;;;;;;;;;;;;;;;;;0;;in stock;;;;;;
364;;;;;;;;;;;;;;;;;;;0;;in stock;;;;;;
365;;;;;;;;;;;;;;;;;;;0;;in stock;;;;;;
366;;;;;;;;;;;;;;;;;;;0;;in stock;;;;;;
367;;;;;;;;;;;;;;;;;;;0;;in stock;;;;;;
368;;;;;;;;;;;;;;;;;;;0;;in stock;;;;;;
369;;;;;;;;;;;;;;;;;;;0;;in stock;;;;;;
370;;;;;;;;;;;;;;;;;;;0;;in stock;;;;;;
371;;;;;;;;;;;;;;;;;;;0;;in stock;;;;;;
372;;;;;;;;;;;;;;;;;;;0;;in stock;;;;;;
373;;;;;;;;;;;;;;;;;;;0;;in stock;;;;;;
374;;;;;;;;;;;;;;;;;;;0;;in stock;;;;;;
375;;;;;;;;;;;;;;;;;;;0;;in stock;;;;;;
376;;;;;;;;;;;;;;;;;;;0;;in stock;;;;;;
377;;;;;;;;;;;;;;;;;;;0;;in stock;;;;;;
378;;;;;;;;;;;;;;;;;;;0;;in stock;;;;;;
379;;;;;;;;;;;;;;;;;;;0;;in stock;;;;;;
380;;;;;;;;;;;;;;;;;;;0;;in stock;;;;;;
381;;;;;;;;;;;;;;;;;;;0;;in stock;;;;;;
382;;;;;;;;;;;;;;;;;;;0;;in stock;;;;;;
383;;;;;;;;;;;;;;;;;;;0;;in stock;;;;;;
384;;;;;;;;;;;;;;;;;;;0;;in stock;;;;;;
385;;;;;;;;;;;;;;;;;;;0;;in stock;;;;;;
386;;;;;;;;;;;;;;;;;;;0;;in stock;;;;;;
387;;;;;;;;;;;;;;;;;;;0;;in stock;;;;;;
388;;;;;;;;;;;;;;;;;;;0;;in stock;;;;;;
389;;;;;;;;;;;;;;;;;;;0;;in stock;;;;;;
390;;;;;;;;;;;;;;;;;;;0;;in stock;;;;;;
391;;;;;;;;;;;;;;;;;;;0;;in stock;;;;;;
392;;;;;;;;;;;;;;;;;;;0;;in stock;;;;;;
393;;;;;;;;;;;;;;;;;;;0;;in stock;;;;;;
394;;;;;;;;;;;;;;;;;;;0;;in stock;;;;;;
395;;;;;;;;;;;;;;;;;;;0;;in stock;;;;;;
396;;;;;;;;;;;;;;;;;;;0;;in stock;;;;;;
397;;;;;;;;;;;;;;;;;;;0;;in stock;;;;;;
398;;;;;;;;;;;;;;;;;;;0;;in stock;;;;;;
399;;;;;;;;;;;;;;;;;;;0;;in stock;;;;;;
400;;;;;;;;;;;;;;;;;;;0;;in stock;;;;;;
401;;;;;;;;;;;;;;;;;;;0;;in stock;;;;;;
402;;;;;;;;;;;;;;;;;;;0;;in stock;;;;;;
403;;;;;;;;;;;;;;;;;;;0;;in stock;;;;;;
404;;;;;;;;;;;;;;;;;;;0;;in stock;;;;;;
405;;;;;;;;;;;;;;;;;;;0;;in stock;;;;;;
406;;;;;;;;;;;;;;;;;;;0;;in stock;;;;;;
407;;;;;;;;;;;;;;;;;;;0;;in stock;;;;;;
408;;;;;;;;;;;;;;;;;;;0;;in stock;;;;;;
409;;;;;;;;;;;;;;;;;;;0;;in stock;;;;;;
410;;;;;;;;;;;;;;;;;;;0;;in stock;;;;;;
411;;;;;;;;;;;;;;;;;;;0;;in stock;;;;;;
412;;;;;;;;;;;;;;;;;;;0;;in stock;;;;;;
413;;;;;;;;;;;;;;;;;;;0;;in stock;;;;;;
414;;;;;;;;;;;;;;;;;;;0;;in stock;;;;;;
415;;;;;;;;;;;;;;;;;;;0;;in stock;;;;;;
416;;;;;;;;;;;;;;;;;;;0;;in stock;;;;;;
417;;;;;;;;;;;;;;;;;;;0;;in stock;;;;;;
418;;;;;;;;;;;;;;;;;;;0;;in stock;;;;;;
419;;;;;;;;;;;;;;;;;;;0;;in stock;;;;;;
420;;;;;;;;;;;;;;;;;;;0;;in stock;;;;;;
421;;;;;;;;;;;;;;;;;;;0;;in stock;;;;;;
422;;;;;;;;;;;;;;;;;;;0;;in stock;;;;;;
423;;;;;;;;;;;;;;;;;;;0;;in stock;;;;;;
424;;;;;;;;;;;;;;;;;;;0;;in stock;;;;;;
425;;;;;;;;;;;;;;;;;;;0;;in stock;;;;;;
426;;;;;;;;;;;;;;;;;;;0;;in stock;;;;;;
427;;;;;;;;;;;;;;;;;;;0;;in stock;;;;;;
428;;;;;;;;;;;;;;;;;;;0;;in stock;;;;;;
429;;;;;;;;;;;;;;;;;;;0;;in stock;;;;;;
430;;;;;;;;;;;;;;;;;;;0;;in stock;;;;;;
431;;;;;;;;;;;;;;;;;;;0;;in stock;;;;;;
432;;;;;;;;;;;;;;;;;;;0;;in stock;;;;;;
433;;;;;;;;;;;;;;;;;;;0;;in stock;;;;;;
434;;;;;;;;;;;;;;;;;;;0;;in stock;;;;;;
435;;;;;;;;;;;;;;;;;;;0;;in stock;;;;;;
436;;;;;;;;;;;;;;;;;;;0;;in stock;;;;;;
437;;;;;;;;;;;;;;;;;;;0;;in stock;;;;;;
438;;;;;;;;;;;;;;;;;;;0;;in stock;;;;;;
439;;;;;;;;;;;;;;;;;;;0;;in stock;;;;;;
440;;;;;;;;;;;;;;;;;;;0;;in stock;;;;;;
441;;;;;;;;;;;;;;;;;;;0;;in stock;;;;;;
442;;;;;;;;;;;;;;;;;;;0;;in stock;;;;;;
443;;;;;;;;;;;;;;;;;;;0;;in stock;;;;;;
444;;;;;;;;;;;;;;;;;;;0;;in stock;;;;;;
445;;;;;;;;;;;;;;;;;;;0;;in stock;;;;;;
446;;;;;;;;;;;;;;;;;;;0;;in stock;;;;;;
447;;;;;;;;;;;;;;;;;;;0;;in stock;;;;;;
448;;;;;;;;;;;;;;;;;;;0;;in stock;;;;;;
449;;;;;;;;;;;;;;;;;;;0;;in stock;;;;;;
450;;;;;;;;;;;;;;;;;;;0;;in stock;;;;;;
451;;;;;;;;;;;;;;;;;;;0;;in stock;;;;;;
452;;;;;;;;;;;;;;;;;;;0;;in stock;;;;;;
453;;;;;;;;;;;;;;;;;;;0;;in stock;;;;;;
454;;;;;;;;;;;;;;;;;;;0;;in stock;;;;;;
455;;;;;;;;;;;;;;;;;;;0;;in stock;;;;;;
456;;;;;;;;;;;;;;;;;;;0;;in stock;;;;;;
457;;;;;;;;;;;;;;;;;;;0;;in stock;;;;;;
458;;;;;;;;;;;;;;;;;;;0;;in stock;;;;;;
459;;;;;;;;;;;;;;;;;;;0;;in stock;;;;;;
460;;;;;;;;;;;;;;;;;;;0;;in stock;;;;;;
461;;;;;;;;;;;;;;;;;;;0;;in stock;;;;;;
462;;;;;;;;;;;;;;;;;;;0;;in stock;;;;;;
463;;;;;;;;;;;;;;;;;;;0;;in stock;;;;;;
464;;;;;;;;;;;;;;;;;;;0;;in stock;;;;;;
465;;;;;;;;;;;;;;;;;;;0;;in stock;;;;;;
466;;;;;;;;;;;;;;;;;;;0;;in stock;;;;;;
467;;;;;;;;;;;;;;;;;;;0;;in stock;;;;;;
468;;;;;;;;;;;;;;;;;;;0;;in stock;;;;;;
469;;;;;;;;;;;;;;;;;;;0;;in stock;;;;;;
470;;;;;;;;;;;;;;;;;;;0;;in stock;;;;;;
471;;;;;;;;;;;;;;;;;;;0;;in stock;;;;;;
472;;;;;;;;;;;;;;;;;;;0;;in stock;;;;;;
473;;;;;;;;;;;;;;;;;;;0;;in stock;;;;;;
474;;;;;;;;;;;;;;;;;;;0;;in stock;;;;;;
475;;;;;;;;;;;;;;;;;;;0;;in stock;;;;;;
476;;;;;;;;;;;;;;;;;;;0;;in stock;;;;;;
477;;;;;;;;;;;;;;;;;;;0;;in stock;;;;;;
478;;;;;;;;;;;;;;;;;;;0;;in stock;;;;;;
479;;;;;;;;;;;;;;;;;;;0;;in stock;;;;;;
480;;;;;;;;;;;;;;;;;;;0;;in stock;;;;;;
481;;;;;;;;;;;;;;;;;;;0;;in stock;;;;;;
482;;;;;;;;;;;;;;;;;;;0;;in stock;;;;;;
483;;;;;;;;;;;;;;;;;;;0;;in stock;;;;;;
484;;;;;;;;;;;;;;;;;;;0;;in stock;;;;;;
485;;;;;;;;;;;;;;;;;;;0;;in stock;;;;;;
486;;;;;;;;;;;;;;;;;;;0;;in stock;;;;;;
487;;;;;;;;;;;;;;;;;;;0;;in stock;;;;;;
488;;;;;;;;;;;;;;;;;;;0;;in stock;;;;;;
489;;;;;;;;;;;;;;;;;;;0;;in stock;;;;;;
490;;;;;;;;;;;;;;;;;;;0;;in stock;;;;;;
491;;;;;;;;;;;;;;;;;;;0;;in stock;;;;;;
492;;;;;;;;;;;;;;;;;;;0;;in stock;;;;;;
493;;;;;;;;;;;;;;;;;;;0;;in stock;;;;;;
494;;;;;;;;;;;;;;;;;;;0;;in stock;;;;;;
495;;;;;;;;;;;;;;;;;;;0;;in stock;;;;;;
496;;;;;;;;;;;;;;;;;;;0;;in stock;;;;;;
497;;;;;;;;;;;;;;;;;;;0;;in stock;;;;;;
498;;;;;;;;;;;;;;;;;;;0;;in stock;;;;;;
499;;;;;;;;;;;;;;;;;;;0;;in stock;;;;;;
500;;;;;;;;;;;;;;;;;;;0;;in stock;;;;;;
501;;;;;;;;;;;;;;;;;;;0;;in stock;;;;;;
502;;;;;;;;;;;;;;;;;;;0;;in stock;;;;;;
503;;;;;;;;;;;;;;;;;;;0;;in stock;;;;;;
504;;;;;;;;;;;;;;;;;;;0;;in stock;;;;;;
505;;;;;;;;;;;;;;;;;;;0;;in stock;;;;;;
506;;;;;;;;;;;;;;;;;;;0;;in stock;;;;;;
507;;;;;;;;;;;;;;;;;;;0;;in stock;;;;;;
508;;;;;;;;;;;;;;;;;;;0;;in stock;;;;;;
509;;;;;;;;;;;;;;;;;;;0;;in stock;;;;;;
510;;;;;;;;;;;;;;;;;;;0;;in stock;;;;;;
511;;;;;;;;;;;;;;;;;;;0;;in stock;;;;;;
512;;;;;;;;;;;;;;;;;;;0;;in stock;;;;;;
513;;;;;;;;;;;;;;;;;;;0;;in stock;;;;;;
514;;;;;;;;;;;;;;;;;;;0;;in stock;;;;;;
515;;;;;;;;;;;;;;;;;;;0;;in stock;;;;;;
516;;;;;;;;;;;;;;;;;;;0;;in stock;;;;;;
517;;;;;;;;;;;;;;;;;;;0;;in stock;;;;;;
518;;;;;;;;;;;;;;;;;;;0;;in stock;;;;;;
519;;;;;;;;;;;;;;;;;;;0;;in stock;;;;;;
520;;;;;;;;;;;;;;;;;;;0;;in stock;;;;;;
521;;;;;;;;;;;;;;;;;;;0;;in stock;;;;;;
522;;;;;;;;;;;;;;;;;;;0;;in stock;;;;;;
523;;;;;;;;;;;;;;;;;;;0;;in stock;;;;;;
524;;;;;;;;;;;;;;;;;;;0;;in stock;;;;;;
525;;;;;;;;;;;;;;;;;;;0;;in stock;;;;;;
526;;;;;;;;;;;;;;;;;;;0;;in stock;;;;;;
527;;;;;;;;;;;;;;;;;;;0;;in stock;;;;;;
528;;;;;;;;;;;;;;;;;;;0;;in stock;;;;;;
529;;;;;;;;;;;;;;;;;;;0;;in stock;;;;;;
530;;;;;;;;;;;;;;;;;;;0;;in stock;;;;;;
531;;;;;;;;;;;;;;;;;;;0;;in stock;;;;;;
532;;;;;;;;;;;;;;;;;;;0;;in stock;;;;;;
533;;;;;;;;;;;;;;;;;;;0;;in stock;;;;;;
534;;;;;;;;;;;;;;;;;;;0;;in stock;;;;;;
535;;;;;;;;;;;;;;;;;;;0;;in stock;;;;;;
536;;;;;;;;;;;;;;;;;;;0;;in stock;;;;;;
537;;;;;;;;;;;;;;;;;;;0;;in stock;;;;;;
538;;;;;;;;;;;;;;;;;;;0;;in stock;;;;;;
539;;;;;;;;;;;;;;;;;;;0;;in stock;;;;;;
540;;;;;;;;;;;;;;;;;;;0;;in stock;;;;;;
541;;;;;;;;;;;;;;;;;;;0;;in stock;;;;;;
542;;;;;;;;;;;;;;;;;;;0;;in stock;;;;;;
543;;;;;;;;;;;;;;;;;;;0;;in stock;;;;;;
544;;;;;;;;;;;;;;;;;;;0;;in stock;;;;;;
545;;;;;;;;;;;;;;;;;;;0;;in stock;;;;;;
546;;;;;;;;;;;;;;;;;;;0;;in stock;;;;;;
547;;;;;;;;;;;;;;;;;;;0;;in stock;;;;;;
548;;;;;;;;;;;;;;;;;;;0;;in stock;;;;;;
549;;;;;;;;;;;;;;;;;;;0;;in stock;;;;;;
550;;;;;;;;;;;;;;;;;;;0;;in stock;;;;;;
551;;;;;;;;;;;;;;;;;;;0;;in stock;;;;;;
552;;;;;;;;;;;;;;;;;;;0;;in stock;;;;;;
553;;;;;;;;;;;;;;;;;;;0;;in stock;;;;;;
554;;;;;;;;;;;;;;;;;;;0;;in stock;;;;;;
555;;;;;;;;;;;;;;;;;;;0;;in stock;;;;;;
556;;;;;;;;;;;;;;;;;;;0;;in stock;;;;;;
557;;;;;;;;;;;;;;;;;;;0;;in stock;;;;;;
558;;;;;;;;;;;;;;;;;;;0;;in stock;;;;;;
559;;;;;;;;;;;;;;;;;;;0;;in stock;;;;;;
560;;;;;;;;;;;;;;;;;;;0;;in stock;;;;;;
561;;;;;;;;;;;;;;;;;;;0;;in stock;;;;;;
562;;;;;;;;;;;;;;;;;;;0;;in stock;;;;;;
563;;;;;;;;;;;;;;;;;;;0;;in stock;;;;;;
564;;;;;;;;;;;;;;;;;;;0;;in stock;;;;;;
565;;;;;;;;;;;;;;;;;;;0;;in stock;;;;;;
566;;;;;;;;;;;;;;;;;;;0;;in stock;;;;;;
567;;;;;;;;;;;;;;;;;;;0;;in stock;;;;;;
568;;;;;;;;;;;;;;;;;;;0;;in stock;;;;;;
569;;;;;;;;;;;;;;;;;;;0;;in stock;;;;;;
570;;;;;;;;;;;;;;;;;;;0;;in stock;;;;;;
571;;;;;;;;;;;;;;;;;;;0;;in stock;;;;;;
572;;;;;;;;;;;;;;;;;;;0;;in stock;;;;;;
573;;;;;;;;;;;;;;;;;;;0;;in stock;;;;;;
574;;;;;;;;;;;;;;;;;;;0;;in stock;;;;;;
575;;;;;;;;;;;;;;;;;;;0;;in stock;;;;;;
576;;;;;;;;;;;;;;;;;;;0;;in stock;;;;;;
577;;;;;;;;;;;;;;;;;;;0;;in stock;;;;;;
578;;;;;;;;;;;;;;;;;;;0;;in stock;;;;;;
579;;;;;;;;;;;;;;;;;;;0;;in stock;;;;;;
580;;;;;;;;;;;;;;;;;;;0;;in stock;;;;;;
581;;;;;;;;;;;;;;;;;;;0;;in stock;;;;;;
582;;;;;;;;;;;;;;;;;;;0;;in stock;;;;;;
583;;;;;;;;;;;;;;;;;;;0;;in stock;;;;;;
584;;;;;;;;;;;;;;;;;;;0;;in stock;;;;;;
585;;;;;;;;;;;;;;;;;;;0;;in stock;;;;;;
586;;;;;;;;;;;;;;;;;;;0;;in stock;;;;;;
587;;;;;;;;;;;;;;;;;;;0;;in stock;;;;;;
588;;;;;;;;;;;;;;;;;;;0;;in stock;;;;;;
589;;;;;;;;;;;;;;;;;;;0;;in stock;;;;;;
590;;;;;;;;;;;;;;;;;;;0;;in stock;;;;;;
591;;;;;;;;;;;;;;;;;;;0;;in stock;;;;;;
592;;;;;;;;;;;;;;;;;;;0;;in stock;;;;;;
593;;;;;;;;;;;;;;;;;;;0;;in stock;;;;;;
594;;;;;;;;;;;;;;;;;;;0;;in stock;;;;;;
595;;;;;;;;;;;;;;;;;;;0;;in stock;;;;;;
596;;;;;;;;;;;;;;;;;;;0;;in stock;;;;;;
597;;;;;;;;;;;;;;;;;;;0;;in stock;;;;;;
598;;;;;;;;;;;;;;;;;;;0;;in stock;;;;;;
599;;;;;;;;;;;;;;;;;;;0;;in stock;;;;;;
600;;;;;;;;;;;;;;;;;;;0;;in stock;;;;;;
601;;;;;;;;;;;;;;;;;;;0;;in stock;;;;;;
602;;;;;;;;;;;;;;;;;;;0;;in stock;;;;;;
603;;;;;;;;;;;;;;;;;;;0;;in stock;;;;;;
604;;;;;;;;;;;;;;;;;;;0;;in stock;;;;;;
605;;;;;;;;;;;;;;;;;;;0;;in stock;;;;;;
606;;;;;;;;;;;;;;;;;;;0;;in stock;;;;;;
607;;;;;;;;;;;;;;;;;;;0;;in stock;;;;;;
608;;;;;;;;;;;;;;;;;;;0;;in stock;;;;;;
609;;;;;;;;;;;;;;;;;;;0;;in stock;;;;;;
610;;;;;;;;;;;;;;;;;;;0;;in stock;;;;;;
611;;;;;;;;;;;;;;;;;;;0;;in stock;;;;;;
612;;;;;;;;;;;;;;;;;;;0;;in stock;;;;;;
613;;;;;;;;;;;;;;;;;;;0;;in stock;;;;;;
614;;;;;;;;;;;;;;;;;;;0;;in stock;;;;;;
615;;;;;;;;;;;;;;;;;;;0;;in stock;;;;;;
616;;;;;;;;;;;;;;;;;;;0;;in stock;;;;;;
617;;;;;;;;;;;;;;;;;;;0;;in stock;;;;;;
618;;;;;;;;;;;;;;;;;;;0;;in stock;;;;;;
619;;;;;;;;;;;;;;;;;;;0;;in stock;;;;;;
620;;;;;;;;;;;;;;;;;;;0;;in stock;;;;;;
621;;;;;;;;;;;;;;;;;;;0;;in stock;;;;;;
622;;;;;;;;;;;;;;;;;;;0;;in stock;;;;;;
623;;;;;;;;;;;;;;;;;;;0;;in stock;;;;;;
624;;;;;;;;;;;;;;;;;;;0;;in stock;;;;;;
625;;;;;;;;;;;;;;;;;;;0;;in stock;;;;;;
626;;;;;;;;;;;;;;;;;;;0;;in stock;;;;;;
627;;;;;;;;;;;;;;;;;;;0;;in stock;;;;;;
628;;;;;;;;;;;;;;;;;;;0;;in stock;;;;;;
629;;;;;;;;;;;;;;;;;;;0;;in stock;;;;;;
630;;;;;;;;;;;;;;;;;;;0;;in stock;;;;;;
631;;;;;;;;;;;;;;;;;;;0;;in stock;;;;;;
632;;;;;;;;;;;;;;;;;;;0;;in stock;;;;;;
633;;;;;;;;;;;;;;;;;;;0;;in stock;;;;;;
634;;;;;;;;;;;;;;;;;;;0;;in stock;;;;;;
635;;;;;;;;;;;;;;;;;;;0;;in stock;;;;;;
636;;;;;;;;;;;;;;;;;;;0;;in stock;;;;;;
637;;;;;;;;;;;;;;;;;;;0;;in stock;;;;;;
638;;;;;;;;;;;;;;;;;;;0;;in stock;;;;;;
639;;;;;;;;;;;;;;;;;;;0;;in stock;;;;;;
640;;;;;;;;;;;;;;;;;;;0;;in stock;;;;;;
641;;;;;;;;;;;;;;;;;;;0;;in stock;;;;;;
642;;;;;;;;;;;;;;;;;;;0;;in stock;;;;;;
643;;;;;;;;;;;;;;;;;;;0;;in stock;;;;;;
644;;;;;;;;;;;;;;;;;;;0;;in stock;;;;;;
645;;;;;;;;;;;;;;;;;;;0;;in stock;;;;;;
646;;;;;;;;;;;;;;;;;;;0;;in stock;;;;;;
647;;;;;;;;;;;;;;;;;;;0;;in stock;;;;;;
648;;;;;;;;;;;;;;;;;;;0;;in stock;;;;;;
649;;;;;;;;;;;;;;;;;;;0;;in stock;;;;;;
650;;;;;;;;;;;;;;;;;;;0;;in stock;;;;;;
651;;;;;;;;;;;;;;;;;;;0;;in stock;;;;;;
652;;;;;;;;;;;;;;;;;;;0;;in stock;;;;;;
653;;;;;;;;;;;;;;;;;;;0;;in stock;;;;;;
654;;;;;;;;;;;;;;;;;;;0;;in stock;;;;;;
655;;;;;;;;;;;;;;;;;;;0;;in stock;;;;;;
656;;;;;;;;;;;;;;;;;;;0;;in stock;;;;;;
657;;;;;;;;;;;;;;;;;;;0;;in stock;;;;;;
658;;;;;;;;;;;;;;;;;;;0;;in stock;;;;;;
659;;;;;;;;;;;;;;;;;;;0;;in stock;;;;;;
660;;;;;;;;;;;;;;;;;;;0;;in stock;;;;;;
661;;;;;;;;;;;;;;;;;;;0;;in stock;;;;;;
662;;;;;;;;;;;;;;;;;;;0;;in stock;;;;;;
663;;;;;;;;;;;;;;;;;;;0;;in stock;;;;;;
664;;;;;;;;;;;;;;;;;;;0;;in stock;;;;;;
665;;;;;;;;;;;;;;;;;;;0;;in stock;;;;;;
666;;;;;;;;;;;;;;;;;;;0;;in stock;;;;;;
667;;;;;;;;;;;;;;;;;;;0;;in stock;;;;;;
668;;;;;;;;;;;;;;;;;;;0;;in stock;;;;;;
669;;;;;;;;;;;;;;;;;;;0;;in stock;;;;;;
670;;;;;;;;;;;;;;;;;;;0;;in stock;;;;;;
671;;;;;;;;;;;;;;;;;;;0;;in stock;;;;;;
672;;;;;;;;;;;;;;;;;;;0;;in stock;;;;;;
673;;;;;;;;;;;;;;;;;;;0;;in stock;;;;;;
674;;;;;;;;;;;;;;;;;;;0;;in stock;;;;;;
675;;;;;;;;;;;;;;;;;;;0;;in stock;;;;;;
676;;;;;;;;;;;;;;;;;;;0;;in stock;;;;;;
677;;;;;;;;;;;;;;;;;;;0;;in stock;;;;;;
678;;;;;;;;;;;;;;;;;;;0;;in stock;;;;;;
679;;;;;;;;;;;;;;;;;;;0;;in stock;;;;;;
680;;;;;;;;;;;;;;;;;;;0;;in stock;;;;;;
681;;;;;;;;;;;;;;;;;;;0;;in stock;;;;;;
682;;;;;;;;;;;;;;;;;;;0;;in stock;;;;;;
683;;;;;;;;;;;;;;;;;;;0;;in stock;;;;;;
684;;;;;;;;;;;;;;;;;;;0;;in stock;;;;;;
685;;;;;;;;;;;;;;;;;;;0;;in stock;;;;;;
686;;;;;;;;;;;;;;;;;;;0;;in stock;;;;;;
687;;;;;;;;;;;;;;;;;;;0;;in stock;;;;;;
688;;;;;;;;;;;;;;;;;;;0;;in stock;;;;;;
689;;;;;;;;;;;;;;;;;;;0;;in stock;;;;;;
690;;;;;;;;;;;;;;;;;;;0;;in stock;;;;;;
691;;;;;;;;;;;;;;;;;;;0;;in stock;;;;;;
692;;;;;;;;;;;;;;;;;;;0;;in stock;;;;;;
693;;;;;;;;;;;;;;;;;;;0;;in stock;;;;;;
694;;;;;;;;;;;;;;;;;;;0;;in stock;;;;;;
695;;;;;;;;;;;;;;;;;;;0;;in stock;;;;;;
696;;;;;;;;;;;;;;;;;;;0;;in stock;;;;;;
697;;;;;;;;;;;;;;;;;;;0;;in stock;;;;;;
698;;;;;;;;;;;;;;;;;;;0;;in stock;;;;;;
699;;;;;;;;;;;;;;;;;;;0;;in stock;;;;;;
700;;;;;;;;;;;;;;;;;;;0;;in stock;;;;;;
701;;;;;;;;;;;;;;;;;;;0;;in stock;;;;;;
702;;;;;;;;;;;;;;;;;;;0;;in stock;;;;;;
703;;;;;;;;;;;;;;;;;;;0;;in stock;;;;;;
704;;;;;;;;;;;;;;;;;;;0;;in stock;;;;;;
705;;;;;;;;;;;;;;;;;;;0;;in stock;;;;;;
706;;;;;;;;;;;;;;;;;;;0;;in stock;;;;;;
707;;;;;;;;;;;;;;;;;;;0;;in stock;;;;;;
708;;;;;;;;;;;;;;;;;;;0;;in stock;;;;;;
709;;;;;;;;;;;;;;;;;;;0;;in stock;;;;;;
710;;;;;;;;;;;;;;;;;;;0;;in stock;;;;;;
711;;;;;;;;;;;;;;;;;;;0;;in stock;;;;;;
712;;;;;;;;;;;;;;;;;;;0;;in stock;;;;;;
713;;;;;;;;;;;;;;;;;;;0;;in stock;;;;;;
714;;;;;;;;;;;;;;;;;;;0;;in stock;;;;;;
715;;;;;;;;;;;;;;;;;;;0;;in stock;;;;;;
716;;;;;;;;;;;;;;;;;;;0;;in stock;;;;;;
717;;;;;;;;;;;;;;;;;;;0;;in stock;;;;;;
718;;;;;;;;;;;;;;;;;;;0;;in stock;;;;;;
719;;;;;;;;;;;;;;;;;;;0;;in stock;;;;;;
720;;;;;;;;;;;;;;;;;;;0;;in stock;;;;;;
721;;;;;;;;;;;;;;;;;;;0;;in stock;;;;;;
722;;;;;;;;;;;;;;;;;;;0;;in stock;;;;;;
723;;;;;;;;;;;;;;;;;;;0;;in stock;;;;;;
724;;;;;;;;;;;;;;;;;;;0;;in stock;;;;;;
725;;;;;;;;;;;;;;;;;;;0;;in stock;;;;;;
726;;;;;;;;;;;;;;;;;;;0;;in stock;;;;;;
727;;;;;;;;;;;;;;;;;;;0;;in stock;;;;;;
728;;;;;;;;;;;;;;;;;;;0;;in stock;;;;;;
729;;;;;;;;;;;;;;;;;;;0;;in stock;;;;;;
730;;;;;;;;;;;;;;;;;;;0;;in stock;;;;;;
731;;;;;;;;;;;;;;;;;;;0;;in stock;;;;;;
732;;;;;;;;;;;;;;;;;;;0;;in stock;;;;;;
733;;;;;;;;;;;;;;;;;;;0;;in stock;;;;;;
734;;;;;;;;;;;;;;;;;;;0;;in stock;;;;;;
735;;;;;;;;;;;;;;;;;;;0;;in stock;;;;;;
736;;;;;;;;;;;;;;;;;;;0;;in stock;;;;;;
737;;;;;;;;;;;;;;;;;;;0;;in stock;;;;;;
738;;;;;;;;;;;;;;;;;;;0;;in stock;;;;;;
739;;;;;;;;;;;;;;;;;;;0;;in stock;;;;;;
740;;;;;;;;;;;;;;;;;;;0;;in stock;;;;;;
741;;;;;;;;;;;;;;;;;;;0;;in stock;;;;;;
742;;;;;;;;;;;;;;;;;;;0;;in stock;;;;;;
743;;;;;;;;;;;;;;;;;;;0;;in stock;;;;;;
744;;;;;;;;;;;;;;;;;;;0;;in stock;;;;;;
745;;;;;;;;;;;;;;;;;;;0;;in stock;;;;;;
746;;;;;;;;;;;;;;;;;;;0;;in stock;;;;;;
747;;;;;;;;;;;;;;;;;;;0;;in stock;;;;;;
748;;;;;;;;;;;;;;;;;;;0;;in stock;;;;;;
749;;;;;;;;;;;;;;;;;;;0;;in stock;;;;;;
750;;;;;;;;;;;;;;;;;;;0;;in stock;;;;;;
751;;;;;;;;;;;;;;;;;;;0;;in stock;;;;;;
752;;;;;;;;;;;;;;;;;;;0;;in stock;;;;;;
753;;;;;;;;;;;;;;;;;;;0;;in stock;;;;;;
754;;;;;;;;;;;;;;;;;;;0;;in stock;;;;;;
755;;;;;;;;;;;;;;;;;;;0;;in stock;;;;;;
756;;;;;;;;;;;;;;;;;;;0;;in stock;;;;;;
757;;;;;;;;;;;;;;;;;;;0;;in stock;;;;;;
758;;;;;;;;;;;;;;;;;;;0;;in stock;;;;;;
759;;;;;;;;;;;;;;;;;;;0;;in stock;;;;;;
760;;;;;;;;;;;;;;;;;;;0;;in stock;;;;;;
761;;;;;;;;;;;;;;;;;;;0;;in stock;;;;;;
762;;;;;;;;;;;;;;;;;;;0;;in stock;;;;;;
763;;;;;;;;;;;;;;;;;;;0;;in stock;;;;;;
764;;;;;;;;;;;;;;;;;;;0;;in stock;;;;;;
765;;;;;;;;;;;;;;;;;;;0;;in stock;;;;;;
766;;;;;;;;;;;;;;;;;;;0;;in stock;;;;;;
767;;;;;;;;;;;;;;;;;;;0;;in stock;;;;;;
768;;;;;;;;;;;;;;;;;;;0;;in stock;;;;;;
769;;;;;;;;;;;;;;;;;;;0;;in stock;;;;;;
770;;;;;;;;;;;;;;;;;;;0;;in stock;;;;;;
771;;;;;;;;;;;;;;;;;;;0;;in stock;;;;;;
772;;;;;;;;;;;;;;;;;;;0;;in stock;;;;;;
773;;;;;;;;;;;;;;;;;;;0;;in stock;;;;;;
774;;;;;;;;;;;;;;;;;;;0;;in stock;;;;;;
775;;;;;;;;;;;;;;;;;;;0;;in stock;;;;;;
776;;;;;;;;;;;;;;;;;;;0;;in stock;;;;;;
777;;;;;;;;;;;;;;;;;;;0;;in stock;;;;;;
778;;;;;;;;;;;;;;;;;;;0;;in stock;;;;;;
779;;;;;;;;;;;;;;;;;;;0;;in stock;;;;;;
780;;;;;;;;;;;;;;;;;;;0;;in stock;;;;;;
781;;;;;;;;;;;;;;;;;;;0;;in stock;;;;;;
782;;;;;;;;;;;;;;;;;;;0;;in stock;;;;;;
783;;;;;;;;;;;;;;;;;;;0;;in stock;;;;;;
784;;;;;;;;;;;;;;;;;;;0;;in stock;;;;;;
785;;;;;;;;;;;;;;;;;;;0;;in stock;;;;;;
786;;;;;;;;;;;;;;;;;;;0;;in stock;;;;;;
787;;;;;;;;;;;;;;;;;;;0;;in stock;;;;;;
788;;;;;;;;;;;;;;;;;;;0;;in stock;;;;;;
789;;;;;;;;;;;;;;;;;;;0;;in stock;;;;;;
790;;;;;;;;;;;;;;;;;;;0;;in stock;;;;;;
791;;;;;;;;;;;;;;;;;;;0;;in stock;;;;;;
792;;;;;;;;;;;;;;;;;;;0;;in stock;;;;;;
793;;;;;;;;;;;;;;;;;;;0;;in stock;;;;;;
794;;;;;;;;;;;;;;;;;;;0;;in stock;;;;;;
795;;;;;;;;;;;;;;;;;;;0;;in stock;;;;;;
796;;;;;;;;;;;;;;;;;;;0;;in stock;;;;;;
797;;;;;;;;;;;;;;;;;;;0;;in stock;;;;;;
798;;;;;;;;;;;;;;;;;;;0;;in stock;;;;;;
799;;;;;;;;;;;;;;;;;;;0;;in stock;;;;;;
800;;;;;;;;;;;;;;;;;;;0;;in stock;;;;;;
801;;;;;;;;;;;;;;;;;;;0;;in stock;;;;;;
802;;;;;;;;;;;;;;;;;;;0;;in stock;;;;;;
803;;;;;;;;;;;;;;;;;;;0;;in stock;;;;;;
804;;;;;;;;;;;;;;;;;;;0;;in stock;;;;;;
805;;;;;;;;;;;;;;;;;;;0;;in stock;;;;;;
806;;;;;;;;;;;;;;;;;;;0;;in stock;;;;;;
807;;;;;;;;;;;;;;;;;;;0;;in stock;;;;;;
808;;;;;;;;;;;;;;;;;;;0;;in stock;;;;;;
809;;;;;;;;;;;;;;;;;;;0;;in stock;;;;;;
810;;;;;;;;;;;;;;;;;;;0;;in stock;;;;;;
811;;;;;;;;;;;;;;;;;;;0;;in stock;;;;;;
812;;;;;;;;;;;;;;;;;;;0;;in stock;;;;;;
813;;;;;;;;;;;;;;;;;;;0;;in stock;;;;;;
814;;;;;;;;;;;;;;;;;;;0;;in stock;;;;;;
815;;;;;;;;;;;;;;;;;;;0;;in stock;;;;;;
816;;;;;;;;;;;;;;;;;;;0;;in stock;;;;;;
817;;;;;;;;;;;;;;;;;;;0;;in stock;;;;;;
818;;;;;;;;;;;;;;;;;;;0;;in stock;;;;;;
819;;;;;;;;;;;;;;;;;;;0;;in stock;;;;;;
820;;;;;;;;;;;;;;;;;;;0;;in stock;;;;;;
821;;;;;;;;;;;;;;;;;;;0;;in stock;;;;;;
822;;;;;;;;;;;;;;;;;;;0;;in stock;;;;;;
823;;;;;;;;;;;;;;;;;;;0;;in stock;;;;;;
824;;;;;;;;;;;;;;;;;;;0;;in stock;;;;;;
825;;;;;;;;;;;;;;;;;;;0;;in stock;;;;;;
826;;;;;;;;;;;;;;;;;;;0;;in stock;;;;;;
827;;;;;;;;;;;;;;;;;;;0;;in stock;;;;;;
828;;;;;;;;;;;;;;;;;;;0;;in stock;;;;;;
829;;;;;;;;;;;;;;;;;;;0;;in stock;;;;;;
830;;;;;;;;;;;;;;;;;;;0;;in stock;;;;;;
831;;;;;;;;;;;;;;;;;;;0;;in stock;;;;;;
832;;;;;;;;;;;;;;;;;;;0;;in stock;;;;;;
833;;;;;;;;;;;;;;;;;;;0;;in stock;;;;;;
834;;;;;;;;;;;;;;;;;;;0;;in stock;;;;;;
835;;;;;;;;;;;;;;;;;;;0;;in stock;;;;;;
836;;;;;;;;;;;;;;;;;;;0;;in stock;;;;;;
837;;;;;;;;;;;;;;;;;;;0;;in stock;;;;;;
838;;;;;;;;;;;;;;;;;;;0;;in stock;;;;;;
839;;;;;;;;;;;;;;;;;;;0;;in stock;;;;;;
840;;;;;;;;;;;;;;;;;;;0;;in stock;;;;;;
841;;;;;;;;;;;;;;;;;;;0;;in stock;;;;;;
842;;;;;;;;;;;;;;;;;;;0;;in stock;;;;;;
843;;;;;;;;;;;;;;;;;;;0;;in stock;;;;;;
844;;;;;;;;;;;;;;;;;;;0;;in stock;;;;;;
845;;;;;;;;;;;;;;;;;;;0;;in stock;;;;;;
846;;;;;;;;;;;;;;;;;;;0;;in stock;;;;;;
847;;;;;;;;;;;;;;;;;;;0;;in stock;;;;;;
848;;;;;;;;;;;;;;;;;;;0;;in stock;;;;;;
849;;;;;;;;;;;;;;;;;;;0;;in stock;;;;;;
850;;;;;;;;;;;;;;;;;;;0;;in stock;;;;;;
851;;;;;;;;;;;;;;;;;;;0;;in stock;;;;;;
852;;;;;;;;;;;;;;;;;;;0;;in stock;;;;;;
853;;;;;;;;;;;;;;;;;;;0;;in stock;;;;;;
854;;;;;;;;;;;;;;;;;;;0;;in stock;;;;;;
855;;;;;;;;;;;;;;;;;;;0;;in stock;;;;;;
856;;;;;;;;;;;;;;;;;;;0;;in stock;;;;;;
857;;;;;;;;;;;;;;;;;;;0;;in stock;;;;;;
858;;;;;;;;;;;;;;;;;;;0;;in stock;;;;;;
859;;;;;;;;;;;;;;;;;;;0;;in stock;;;;;;
860;;;;;;;;;;;;;;;;;;;0;;in stock;;;;;;
861;;;;;;;;;;;;;;;;;;;0;;in stock;;;;;;
862;;;;;;;;;;;;;;;;;;;0;;in stock;;;;;;
863;;;;;;;;;;;;;;;;;;;0;;in stock;;;;;;
864;;;;;;;;;;;;;;;;;;;0;;in stock;;;;;;
865;;;;;;;;;;;;;;;;;;;0;;in stock;;;;;;
866;;;;;;;;;;;;;;;;;;;0;;in stock;;;;;;
867;;;;;;;;;;;;;;;;;;;0;;in stock;;;;;;
868;;;;;;;;;;;;;;;;;;;0;;in stock;;;;;;
869;;;;;;;;;;;;;;;;;;;0;;in stock;;;;;;
870;;;;;;;;;;;;;;;;;;;0;;in stock;;;;;;
871;;;;;;;;;;;;;;;;;;;0;;in stock;;;;;;
872;;;;;;;;;;;;;;;;;;;0;;in stock;;;;;;
873;;;;;;;;;;;;;;;;;;;0;;in stock;;;;;;
874;;;;;;;;;;;;;;;;;;;0;;in stock;;;;;;
875;;;;;;;;;;;;;;;;;;;0;;in stock;;;;;;
876;;;;;;;;;;;;;;;;;;;0;;in stock;;;;;;
877;;;;;;;;;;;;;;;;;;;0;;in stock;;;;;;
878;;;;;;;;;;;;;;;;;;;0;;in stock;;;;;;
879;;;;;;;;;;;;;;;;;;;0;;in stock;;;;;;
880;;;;;;;;;;;;;;;;;;;0;;in stock;;;;;;
881;;;;;;;;;;;;;;;;;;;0;;in stock;;;;;;
882;;;;;;;;;;;;;;;;;;;0;;in stock;;;;;;
883;;;;;;;;;;;;;;;;;;;0;;in stock;;;;;;
884;;;;;;;;;;;;;;;;;;;0;;in stock;;;;;;
885;;;;;;;;;;;;;;;;;;;0;;in stock;;;;;;
886;;;;;;;;;;;;;;;;;;;0;;in stock;;;;;;
887;;;;;;;;;;;;;;;;;;;0;;in stock;;;;;;
888;;;;;;;;;;;;;;;;;;;0;;in stock;;;;;;
889;;;;;;;;;;;;;;;;;;;0;;in stock;;;;;;
890;;;;;;;;;;;;;;;;;;;0;;in stock;;;;;;
891;;;;;;;;;;;;;;;;;;;0;;in stock;;;;;;
892;;;;;;;;;;;;;;;;;;;0;;in stock;;;;;;
893;;;;;;;;;;;;;;;;;;;0;;in stock;;;;;;
894;;;;;;;;;;;;;;;;;;;0;;in stock;;;;;;
895;;;;;;;;;;;;;;;;;;;0;;in stock;;;;;;
896;;;;;;;;;;;;;;;;;;;0;;in stock;;;;;;
897;;;;;;;;;;;;;;;;;;;0;;in stock;;;;;;
898;;;;;;;;;;;;;;;;;;;0;;in stock;;;;;;
899;;;;;;;;;;;;;;;;;;;0;;in stock;;;;;;
900;;;;;;;;;;;;;;;;;;;0;;in stock;;;;;;
901;;;;;;;;;;;;;;;;;;;0;;in stock;;;;;;
902;;;;;;;;;;;;;;;;;;;0;;in stock;;;;;;
903;;;;;;;;;;;;;;;;;;;0;;in stock;;;;;;
904;;;;;;;;;;;;;;;;;;;0;;in stock;;;;;;
905;;;;;;;;;;;;;;;;;;;0;;in stock;;;;;;
906;;;;;;;;;;;;;;;;;;;0;;in stock;;;;;;
907;;;;;;;;;;;;;;;;;;;0;;in stock;;;;;;
908;;;;;;;;;;;;;;;;;;;0;;in stock;;;;;;
909;;;;;;;;;;;;;;;;;;;0;;in stock;;;;;;
910;;;;;;;;;;;;;;;;;;;0;;in stock;;;;;;
911;;;;;;;;;;;;;;;;;;;0;;in stock;;;;;;
912;;;;;;;;;;;;;;;;;;;0;;in stock;;;;;;
913;;;;;;;;;;;;;;;;;;;0;;in stock;;;;;;
914;;;;;;;;;;;;;;;;;;;0;;in stock;;;;;;
915;;;;;;;;;;;;;;;;;;;0;;in stock;;;;;;
916;;;;;;;;;;;;;;;;;;;0;;in stock;;;;;;
917;;;;;;;;;;;;;;;;;;;0;;in stock;;;;;;
918;;;;;;;;;;;;;;;;;;;0;;in stock;;;;;;
919;;;;;;;;;;;;;;;;;;;0;;in stock;;;;;;
920;;;;;;;;;;;;;;;;;;;0;;in stock;;;;;;
921;;;;;;;;;;;;;;;;;;;0;;in stock;;;;;;
922;;;;;;;;;;;;;;;;;;;0;;in stock;;;;;;
923;;;;;;;;;;;;;;;;;;;0;;in stock;;;;;;
924;;;;;;;;;;;;;;;;;;;0;;in stock;;;;;;
925;;;;;;;;;;;;;;;;;;;0;;in stock;;;;;;
926;;;;;;;;;;;;;;;;;;;0;;in stock;;;;;;
927;;;;;;;;;;;;;;;;;;;0;;in stock;;;;;;
928;;;;;;;;;;;;;;;;;;;0;;in stock;;;;;;
929;;;;;;;;;;;;;;;;;;;0;;in stock;;;;;;
930;;;;;;;;;;;;;;;;;;;0;;in stock;;;;;;
931;;;;;;;;;;;;;;;;;;;0;;in stock;;;;;;
932;;;;;;;;;;;;;;;;;;;0;;in stock;;;;;;
933;;;;;;;;;;;;;;;;;;;0;;in stock;;;;;;
934;;;;;;;;;;;;;;;;;;;0;;in stock;;;;;;
935;;;;;;;;;;;;;;;;;;;0;;in stock;;;;;;
936;;;;;;;;;;;;;;;;;;;0;;in stock;;;;;;
937;;;;;;;;;;;;;;;;;;;0;;in stock;;;;;;
938;;;;;;;;;;;;;;;;;;;0;;in stock;;;;;;
939;;;;;;;;;;;;;;;;;;;0;;in stock;;;;;;
940;;;;;;;;;;;;;;;;;;;0;;in stock;;;;;;
941;;;;;;;;;;;;;;;;;;;0;;in stock;;;;;;
942;;;;;;;;;;;;;;;;;;;0;;in stock;;;;;;
943;;;;;;;;;;;;;;;;;;;0;;in stock;;;;;;
944;;;;;;;;;;;;;;;;;;;0;;in stock;;;;;;
945;;;;;;;;;;;;;;;;;;;0;;in stock;;;;;;
946;;;;;;;;;;;;;;;;;;;0;;in stock;;;;;;
947;;;;;;;;;;;;;;;;;;;0;;in stock;;;;;;
948;;;;;;;;;;;;;;;;;;;0;;in stock;;;;;;
949;;;;;;;;;;;;;;;;;;;0;;in stock;;;;;;
950;;;;;;;;;;;;;;;;;;;0;;in stock;;;;;;
951;;;;;;;;;;;;;;;;;;;0;;in stock;;;;;;
952;;;;;;;;;;;;;;;;;;;0;;in stock;;;;;;
953;;;;;;;;;;;;;;;;;;;0;;in stock;;;;;;
954;;;;;;;;;;;;;;;;;;;0;;in stock;;;;;;
955;;;;;;;;;;;;;;;;;;;0;;in stock;;;;;;
956;;;;;;;;;;;;;;;;;;;0;;in stock;;;;;;
957;;;;;;;;;;;;;;;;;;;0;;in stock;;;;;;
958;;;;;;;;;;;;;;;;;;;0;;in stock;;;;;;
959;;;;;;;;;;;;;;;;;;;0;;in stock;;;;;;
960;;;;;;;;;;;;;;;;;;;0;;in stock;;;;;;
961;;;;;;;;;;;;;;;;;;;0;;in stock;;;;;;
962;;;;;;;;;;;;;;;;;;;0;;in stock;;;;;;
963;;;;;;;;;;;;;;;;;;;0;;in stock;;;;;;
964;;;;;;;;;;;;;;;;;;;0;;in stock;;;;;;
965;;;;;;;;;;;;;;;;;;;0;;in stock;;;;;;
966;;;;;;;;;;;;;;;;;;;0;;in stock;;;;;;
967;;;;;;;;;;;;;;;;;;;0;;in stock;;;;;;
968;;;;;;;;;;;;;;;;;;;0;;in stock;;;;;;
969;;;;;;;;;;;;;;;;;;;0;;in stock;;;;;;
970;;;;;;;;;;;;;;;;;;;0;;in stock;;;;;;
971;;;;;;;;;;;;;;;;;;;0;;in stock;;;;;;
972;;;;;;;;;;;;;;;;;;;0;;in stock;;;;;;
973;;;;;;;;;;;;;;;;;;;0;;in stock;;;;;;
974;;;;;;;;;;;;;;;;;;;0;;in stock;;;;;;
975;;;;;;;;;;;;;;;;;;;0;;in stock;;;;;;
976;;;;;;;;;;;;;;;;;;;0;;in stock;;;;;;
977;;;;;;;;;;;;;;;;;;;0;;in stock;;;;;;
978;;;;;;;;;;;;;;;;;;;0;;in stock;;;;;;
979;;;;;;;;;;;;;;;;;;;0;;in stock;;;;;;
980;;;;;;;;;;;;;;;;;;;0;;in stock;;;;;;
981;;;;;;;;;;;;;;;;;;;0;;in stock;;;;;;
982;;;;;;;;;;;;;;;;;;;0;;in stock;;;;;;
983;;;;;;;;;;;;;;;;;;;0;;in stock;;;;;;
984;;;;;;;;;;;;;;;;;;;0;;in stock;;;;;;
985;;;;;;;;;;;;;;;;;;;0;;in stock;;;;;;
986;;;;;;;;;;;;;;;;;;;0;;in stock;;;;;;
987;;;;;;;;;;;;;;;;;;;0;;in stock;;;;;;
988;;;;;;;;;;;;;;;;;;;0;;in stock;;;;;;
989;;;;;;;;;;;;;;;;;;;0;;in stock;;;;;;
990;;;;;;;;;;;;;;;;;;;0;;in stock;;;;;;
991;;;;;;;;;;;;;;;;;;;0;;in stock;;;;;;
992;;;;;;;;;;;;;;;;;;;0;;in stock;;;;;;
993;;;;;;;;;;;;;;;;;;;0;;in stock;;;;;;
994;;;;;;;;;;;;;;;;;;;0;;in stock;;;;;;
995;;;;;;;;;;;;;;;;;;;0;;in stock;;;;;;
996;;;;;;;;;;;;;;;;;;;0;;in stock;;;;;;
997;;;;;;;;;;;;;;;;;;;0;;in stock;;;;;;
998;;;;;;;;;;;;;;;;;;;0;;in stock;;;;;;
999;;;;;;;;;;;;;;;;;;;0;;in stock;;;;;;
1000;;;;;;;;;;;;;;;;;;;0;;in stock;;;;;;
1001;;;;;;;;;;;;;;;;;;;0;;in stock;;;;;;
1002;;;;;;;;;;;;;;;;;;;0;;in stock;;;;;;
1003;;;;;;;;;;;;;;;;;;;0;;in stock;;;;;;
1004;;;;;;;;;;;;;;;;;;;0;;in stock;;;;;;
1005;;;;;;;;;;;;;;;;;;;0;;in stock;;;;;;
1006;;;;;;;;;;;;;;;;;;;0;;in stock;;;;;;
1007;;;;;;;;;;;;;;;;;;;0;;in stock;;;;;;
1008;;;;;;;;;;;;;;;;;;;0;;in stock;;;;;;
1009;;;;;;;;;;;;;;;;;;;0;;in stock;;;;;;
1010;;;;;;;;;;;;;;;;;;;0;;in stock;;;;;;
1011;;;;;;;;;;;;;;;;;;;0;;in stock;;;;;;
1012;;;;;;;;;;;;;;;;;;;0;;in stock;;;;;;
1013;;;;;;;;;;;;;;;;;;;0;;in stock;;;;;;
1014;;;;;;;;;;;;;;;;;;;0;;in stock;;;;;;
1015;;;;;;;;;;;;;;;;;;;0;;in stock;;;;;;
1016;;;;;;;;;;;;;;;;;;;0;;in stock;;;;;;
1017;;;;;;;;;;;;;;;;;;;0;;in stock;;;;;;
1018;;;;;;;;;;;;;;;;;;;0;;in stock;;;;;;
1019;;;;;;;;;;;;;;;;;;;0;;in stock;;;;;;
1020;;;;;;;;;;;;;;;;;;;0;;in stock;;;;;;
1021;;;;;;;;;;;;;;;;;;;0;;in stock;;;;;;
1022;;;;;;;;;;;;;;;;;;;0;;in stock;;;;;;
1023;;;;;;;;;;;;;;;;;;;0;;in stock;;;;;;
1024;;;;;;;;;;;;;;;;;;;0;;in stock;;;;;;
1025;;;;;;;;;;;;;;;;;;;0;;in stock;;;;;;
1026;;;;;;;;;;;;;;;;;;;0;;in stock;;;;;;
1027;;;;;;;;;;;;;;;;;;;0;;in stock;;;;;;
1028;;;;;;;;;;;;;;;;;;;0;;in stock;;;;;;
1029;;;;;;;;;;;;;;;;;;;0;;in stock;;;;;;
1030;;;;;;;;;;;;;;;;;;;0;;in stock;;;;;;
1031;;;;;;;;;;;;;;;;;;;0;;in stock;;;;;;
1032;;;;;;;;;;;;;;;;;;;0;;in stock;;;;;;
1033;;;;;;;;;;;;;;;;;;;0;;in stock;;;;;;
1034;;;;;;;;;;;;;;;;;;;0;;in stock;;;;;;
1035;;;;;;;;;;;;;;;;;;;0;;in stock;;;;;;
1036;;;;;;;;;;;;;;;;;;;0;;in stock;;;;;;
1037;;;;;;;;;;;;;;;;;;;0;;in stock;;;;;;
1038;;;;;;;;;;;;;;;;;;;0;;in stock;;;;;;
1039;;;;;;;;;;;;;;;;;;;0;;in stock;;;;;;
1040;;;;;;;;;;;;;;;;;;;0;;in stock;;;;;;
1041;;;;;;;;;;;;;;;;;;;0;;in stock;;;;;;
1042;;;;;;;;;;;;;;;;;;;0;;in stock;;;;;;
1043;;;;;;;;;;;;;;;;;;;0;;in stock;;;;;;
1044;;;;;;;;;;;;;;;;;;;0;;in stock;;;;;;
1045;;;;;;;;;;;;;;;;;;;0;;in stock;;;;;;
1046;;;;;;;;;;;;;;;;;;;0;;in stock;;;;;;
1047;;;;;;;;;;;;;;;;;;;0;;in stock;;;;;;
1048;;;;;;;;;;;;;;;;;;;0;;in stock;;;;;;
1049;;;;;;;;;;;;;;;;;;;0;;in stock;;;;;;
1050;;;;;;;;;;;;;;;;;;;0;;in stock;;;;;;
1051;;;;;;;;;;;;;;;;;;;0;;in stock;;;;;;
1052;;;;;;;;;;;;;;;;;;;0;;in stock;;;;;;
1053;;;;;;;;;;;;;;;;;;;0;;in stock;;;;;;
1054;;;;;;;;;;;;;;;;;;;0;;in stock;;;;;;
1055;;;;;;;;;;;;;;;;;;;0;;in stock;;;;;;
1056;;;;;;;;;;;;;;;;;;;0;;in stock;;;;;;
1057;;;;;;;;;;;;;;;;;;;0;;in stock;;;;;;
1058;;;;;;;;;;;;;;;;;;;0;;in stock;;;;;;
1059;;;;;;;;;;;;;;;;;;;0;;in stock;;;;;;
1060;;;;;;;;;;;;;;;;;;;0;;in stock;;;;;;
1061;;;;;;;;;;;;;;;;;;;0;;in stock;;;;;;
1062;;;;;;;;;;;;;;;;;;;0;;in stock;;;;;;
1063;;;;;;;;;;;;;;;;;;;0;;in stock;;;;;;
1064;;;;;;;;;;;;;;;;;;;0;;in stock;;;;;;
1065;;;;;;;;;;;;;;;;;;;0;;in stock;;;;;;
1066;;;;;;;;;;;;;;;;;;;0;;in stock;;;;;;
1067;;;;;;;;;;;;;;;;;;;0;;in stock;;;;;;
1068;;;;;;;;;;;;;;;;;;;0;;in stock;;;;;;
1069;;;;;;;;;;;;;;;;;;;0;;in stock;;;;;;
1070;;;;;;;;;;;;;;;;;;;0;;in stock;;;;;;
1071;;;;;;;;;;;;;;;;;;;0;;in stock;;;;;;
1072;;;;;;;;;;;;;;;;;;;0;;in stock;;;;;;
1073;;;;;;;;;;;;;;;;;;;0;;in stock;;;;;;
1074;;;;;;;;;;;;;;;;;;;0;;in stock;;;;;;
1075;;;;;;;;;;;;;;;;;;;0;;in stock;;;;;;
1076;;;;;;;;;;;;;;;;;;;0;;in stock;;;;;;
1077;;;;;;;;;;;;;;;;;;;0;;in stock;;;;;;
1078;;;;;;;;;;;;;;;;;;;0;;in stock;;;;;;
1079;;;;;;;;;;;;;;;;;;;0;;in stock;;;;;;
1080;;;;;;;;;;;;;;;;;;;0;;in stock;;;;;;
1081;;;;;;;;;;;;;;;;;;;0;;in stock;;;;;;
1082;;;;;;;;;;;;;;;;;;;0;;in stock;;;;;;
1083;;;;;;;;;;;;;;;;;;;0;;in stock;;;;;;
1084;;;;;;;;;;;;;;;;;;;0;;in stock;;;;;;
1085;;;;;;;;;;;;;;;;;;;0;;in stock;;;;;;
1086;;;;;;;;;;;;;;;;;;;0;;in stock;;;;;;
1087;;;;;;;;;;;;;;;;;;;0;;in stock;;;;;;
1088;;;;;;;;;;;;;;;;;;;0;;in stock;;;;;;
1089;;;;;;;;;;;;;;;;;;;0;;in stock;;;;;;
1090;;;;;;;;;;;;;;;;;;;0;;in stock;;;;;;
1091;;;;;;;;;;;;;;;;;;;0;;in stock;;;;;;
1092;;;;;;;;;;;;;;;;;;;0;;in stock;;;;;;
1093;;;;;;;;;;;;;;;;;;;0;;in stock;;;;;;
1094;;;;;;;;;;;;;;;;;;;0;;in stock;;;;;;
1095;;;;;;;;;;;;;;;;;;;0;;in stock;;;;;;
1096;;;;;;;;;;;;;;;;;;;0;;in stock;;;;;;
1097;;;;;;;;;;;;;;;;;;;0;;in stock;;;;;;
1098;;;;;;;;;;;;;;;;;;;0;;in stock;;;;;;
1099;;;;;;;;;;;;;;;;;;;0;;in stock;;;;;;
1100;;;;;;;;;;;;;;;;;;;0;;in stock;;;;;;
1101;;;;;;;;;;;;;;;;;;;0;;in stock;;;;;;
1102;;;;;;;;;;;;;;;;;;;0;;in stock;;;;;;
1103;;;;;;;;;;;;;;;;;;;0;;in stock;;;;;;
1104;;;;;;;;;;;;;;;;;;;0;;in stock;;;;;;
1105;;;;;;;;;;;;;;;;;;;0;;in stock;;;;;;
1106;;;;;;;;;;;;;;;;;;;0;;in stock;;;;;;
1107;;;;;;;;;;;;;;;;;;;0;;in stock;;;;;;
1108;;;;;;;;;;;;;;;;;;;0;;in stock;;;;;;
1109;;;;;;;;;;;;;;;;;;;0;;in stock;;;;;;
1110;;;;;;;;;;;;;;;;;;;0;;in stock;;;;;;
1111;;;;;;;;;;;;;;;;;;;0;;in stock;;;;;;
1112;;;;;;;;;;;;;;;;;;;0;;in stock;;;;;;
1113;;;;;;;;;;;;;;;;;;;0;;in stock;;;;;;
1114;;;;;;;;;;;;;;;;;;;0;;in stock;;;;;;
1115;;;;;;;;;;;;;;;;;;;0;;in stock;;;;;;
1116;;;;;;;;;;;;;;;;;;;0;;in stock;;;;;;
1117;;;;;;;;;;;;;;;;;;;0;;in stock;;;;;;
1118;;;;;;;;;;;;;;;;;;;0;;in stock;;;;;;
1119;;;;;;;;;;;;;;;;;;;0;;in stock;;;;;;
1120;;;;;;;;;;;;;;;;;;;0;;in stock;;;;;;
1121;;;;;;;;;;;;;;;;;;;0;;in stock;;;;;;
1122;;;;;;;;;;;;;;;;;;;0;;in stock;;;;;;
1123;;;;;;;;;;;;;;;;;;;0;;in stock;;;;;;
1124;;;;;;;;;;;;;;;;;;;0;;in stock;;;;;;
1125;;;;;;;;;;;;;;;;;;;0;;in stock;;;;;;
1126;;;;;;;;;;;;;;;;;;;0;;in stock;;;;;;
1127;;;;;;;;;;;;;;;;;;;0;;in stock;;;;;;
1128;;;;;;;;;;;;;;;;;;;0;;in stock;;;;;;
1129;;;;;;;;;;;;;;;;;;;0;;in stock;;;;;;
1130;;;;;;;;;;;;;;;;;;;0;;in stock;;;;;;
1131;;;;;;;;;;;;;;;;;;;0;;in stock;;;;;;
1132;;;;;;;;;;;;;;;;;;;0;;in stock;;;;;;
1133;;;;;;;;;;;;;;;;;;;0;;in stock;;;;;;
1134;;;;;;;;;;;;;;;;;;;0;;in stock;;;;;;
1135;;;;;;;;;;;;;;;;;;;0;;in stock;;;;;;
1136;;;;;;;;;;;;;;;;;;;0;;in stock;;;;;;
1137;;;;;;;;;;;;;;;;;;;0;;in stock;;;;;;
1138;;;;;;;;;;;;;;;;;;;0;;in stock;;;;;;
1139;;;;;;;;;;;;;;;;;;;0;;in stock;;;;;;
1140;;;;;;;;;;;;;;;;;;;0;;in stock;;;;;;
1141;;;;;;;;;;;;;;;;;;;0;;in stock;;;;;;
1142;;;;;;;;;;;;;;;;;;;0;;in stock;;;;;;
1143;;;;;;;;;;;;;;;;;;;0;;in stock;;;;;;
1144;;;;;;;;;;;;;;;;;;;0;;in stock;;;;;;
1145;;;;;;;;;;;;;;;;;;;0;;in stock;;;;;;
1146;;;;;;;;;;;;;;;;;;;0;;in stock;;;;;;
1147;;;;;;;;;;;;;;;;;;;0;;in stock;;;;;;
1148;;;;;;;;;;;;;;;;;;;0;;in stock;;;;;;
1149;;;;;;;;;;;;;;;;;;;0;;in stock;;;;;;
1150;;;;;;;;;;;;;;;;;;;0;;in stock;;;;;;
1151;;;;;;;;;;;;;;;;;;;0;;in stock;;;;;;
1152;;;;;;;;;;;;;;;;;;;0;;in stock;;;;;;
1153;;;;;;;;;;;;;;;;;;;0;;in stock;;;;;;
1154;;;;;;;;;;;;;;;;;;;0;;in stock;;;;;;
1155;;;;;;;;;;;;;;;;;;;0;;in stock;;;;;;
1156;;;;;;;;;;;;;;;;;;;0;;in stock;;;;;;
1157;;;;;;;;;;;;;;;;;;;0;;in stock;;;;;;
1158;;;;;;;;;;;;;;;;;;;0;;in stock;;;;;;
1159;;;;;;;;;;;;;;;;;;;0;;in stock;;;;;;
1160;;;;;;;;;;;;;;;;;;;0;;in stock;;;;;;
1161;;;;;;;;;;;;;;;;;;;0;;in stock;;;;;;
1162;;;;;;;;;;;;;;;;;;;0;;in stock;;;;;;
1163;;;;;;;;;;;;;;;;;;;0;;in stock;;;;;;
1164;;;;;;;;;;;;;;;;;;;0;;in stock;;;;;;
1165;;;;;;;;;;;;;;;;;;;0;;in stock;;;;;;
1166;;;;;;;;;;;;;;;;;;;0;;in stock;;;;;;
1167;;;;;;;;;;;;;;;;;;;0;;in stock;;;;;;
1168;;;;;;;;;;;;;;;;;;;0;;in stock;;;;;;
1169;;;;;;;;;;;;;;;;;;;0;;in stock;;;;;;
1170;;;;;;;;;;;;;;;;;;;0;;in stock;;;;;;
1171;;;;;;;;;;;;;;;;;;;0;;in stock;;;;;;
1172;;;;;;;;;;;;;;;;;;;0;;in stock;;;;;;
1173;;;;;;;;;;;;;;;;;;;0;;in stock;;;;;;
1174;;;;;;;;;;;;;;;;;;;0;;in stock;;;;;;
1175;;;;;;;;;;;;;;;;;;;0;;in stock;;;;;;
1176;;;;;;;;;;;;;;;;;;;0;;in stock;;;;;;
1177;;;;;;;;;;;;;;;;;;;0;;in stock;;;;;;
1178;;;;;;;;;;;;;;;;;;;0;;in stock;;;;;;
1179;;;;;;;;;;;;;;;;;;;0;;in stock;;;;;;
1180;;;;;;;;;;;;;;;;;;;0;;in stock;;;;;;
1181;;;;;;;;;;;;;;;;;;;0;;in stock;;;;;;
1182;;;;;;;;;;;;;;;;;;;0;;in stock;;;;;;
1183;;;;;;;;;;;;;;;;;;;0;;in stock;;;;;;
1184;;;;;;;;;;;;;;;;;;;0;;in stock;;;;;;
1185;;;;;;;;;;;;;;;;;;;0;;in stock;;;;;;
1186;;;;;;;;;;;;;;;;;;;0;;in stock;;;;;;
1187;;;;;;;;;;;;;;;;;;;0;;in stock;;;;;;
1188;;;;;;;;;;;;;;;;;;;0;;in stock;;;;;;
1189;;;;;;;;;;;;;;;;;;;0;;in stock;;;;;;
1190;;;;;;;;;;;;;;;;;;;0;;in stock;;;;;;
1191;;;;;;;;;;;;;;;;;;;0;;in stock;;;;;;
1192;;;;;;;;;;;;;;;;;;;0;;in stock;;;;;;
1193;;;;;;;;;;;;;;;;;;;0;;in stock;;;;;;
1194;;;;;;;;;;;;;;;;;;;0;;in stock;;;;;;
1195;;;;;;;;;;;;;;;;;;;0;;in stock;;;;;;
1196;;;;;;;;;;;;;;;;;;;0;;in stock;;;;;;
1197;;;;;;;;;;;;;;;;;;;0;;in stock;;;;;;
1198;;;;;;;;;;;;;;;;;;;0;;in stock;;;;;;
1199;;;;;;;;;;;;;;;;;;;0;;in stock;;;;;;
1200;;;;;;;;;;;;;;;;;;;0;;in stock;;;;;;
1201;;;;;;;;;;;;;;;;;;;0;;in stock;;;;;;
1202;;;;;;;;;;;;;;;;;;;0;;in stock;;;;;;
1203;;;;;;;;;;;;;;;;;;;0;;in stock;;;;;;
1204;;;;;;;;;;;;;;;;;;;0;;in stock;;;;;;
1205;;;;;;;;;;;;;;;;;;;0;;in stock;;;;;;
1206;;;;;;;;;;;;;;;;;;;0;;in stock;;;;;;
1207;;;;;;;;;;;;;;;;;;;0;;in stock;;;;;;
1208;;;;;;;;;;;;;;;;;;;0;;in stock;;;;;;
1209;;;;;;;;;;;;;;;;;;;0;;in stock;;;;;;
1210;;;;;;;;;;;;;;;;;;;0;;in stock;;;;;;
1211;;;;;;;;;;;;;;;;;;;0;;in stock;;;;;;
1212;;;;;;;;;;;;;;;;;;;0;;in stock;;;;;;
1213;;;;;;;;;;;;;;;;;;;0;;in stock;;;;;;
1214;;;;;;;;;;;;;;;;;;;0;;in stock;;;;;;
1215;;;;;;;;;;;;;;;;;;;0;;in stock;;;;;;
1216;;;;;;;;;;;;;;;;;;;0;;in stock;;;;;;
1217;;;;;;;;;;;;;;;;;;;0;;in stock;;;;;;
1218;;;;;;;;;;;;;;;;;;;0;;in stock;;;;;;
1219;;;;;;;;;;;;;;;;;;;0;;in stock;;;;;;
1220;;;;;;;;;;;;;;;;;;;0;;in stock;;;;;;
1221;;;;;;;;;;;;;;;;;;;0;;in stock;;;;;;
1222;;;;;;;;;;;;;;;;;;;0;;in stock;;;;;;
1223;;;;;;;;;;;;;;;;;;;0;;in stock;;;;;;
1224;;;;;;;;;;;;;;;;;;;0;;in stock;;;;;;
1225;;;;;;;;;;;;;;;;;;;0;;in stock;;;;;;
1226;;;;;;;;;;;;;;;;;;;0;;in stock;;;;;;
1227;;;;;;;;;;;;;;;;;;;0;;in stock;;;;;;
1228;;;;;;;;;;;;;;;;;;;0;;in stock;;;;;;
1229;;;;;;;;;;;;;;;;;;;0;;in stock;;;;;;
1230;;;;;;;;;;;;;;;;;;;0;;in stock;;;;;;
1231;;;;;;;;;;;;;;;;;;;0;;in stock;;;;;;
1232;;;;;;;;;;;;;;;;;;;0;;in stock;;;;;;
1233;;;;;;;;;;;;;;;;;;;0;;in stock;;;;;;
1234;;;;;;;;;;;;;;;;;;;0;;in stock;;;;;;
1235;;;;;;;;;;;;;;;;;;;0;;in stock;;;;;;
1236;;;;;;;;;;;;;;;;;;;0;;in stock;;;;;;
1237;;;;;;;;;;;;;;;;;;;0;;in stock;;;;;;
1238;;;;;;;;;;;;;;;;;;;0;;in stock;;;;;;
1239;;;;;;;;;;;;;;;;;;;0;;in stock;;;;;;
1240;;;;;;;;;;;;;;;;;;;0;;in stock;;;;;;
1241;;;;;;;;;;;;;;;;;;;0;;in stock;;;;;;
1242;;;;;;;;;;;;;;;;;;;0;;in stock;;;;;;
1243;;;;;;;;;;;;;;;;;;;0;;in stock;;;;;;
1244;;;;;;;;;;;;;;;;;;;0;;in stock;;;;;;
1245;;;;;;;;;;;;;;;;;;;0;;in stock;;;;;;
1246;;;;;;;;;;;;;;;;;;;0;;in stock;;;;;;
1247;;;;;;;;;;;;;;;;;;;0;;in stock;;;;;;
1248;;;;;;;;;;;;;;;;;;;0;;in stock;;;;;;
1249;;;;;;;;;;;;;;;;;;;0;;in stock;;;;;;
1250;;;;;;;;;;;;;;;;;;;0;;in stock;;;;;;
1251;;;;;;;;;;;;;;;;;;;0;;in stock;;;;;;
1252;;;;;;;;;;;;;;;;;;;0;;in stock;;;;;;
1253;;;;;;;;;;;;;;;;;;;0;;in stock;;;;;;
1254;;;;;;;;;;;;;;;;;;;0;;in stock;;;;;;
1255;;;;;;;;;;;;;;;;;;;0;;in stock;;;;;;
1256;;;;;;;;;;;;;;;;;;;0;;in stock;;;;;;
1257;;;;;;;;;;;;;;;;;;;0;;in stock;;;;;;
1258;;;;;;;;;;;;;;;;;;;0;;in stock;;;;;;
1259;;;;;;;;;;;;;;;;;;;0;;in stock;;;;;;
1260;;;;;;;;;;;;;;;;;;;0;;in stock;;;;;;
1261;;;;;;;;;;;;;;;;;;;0;;in stock;;;;;;
1262;;;;;;;;;;;;;;;;;;;0;;in stock;;;;;;
1263;;;;;;;;;;;;;;;;;;;0;;in stock;;;;;;
1264;;;;;;;;;;;;;;;;;;;0;;in stock;;;;;;
1265;;;;;;;;;;;;;;;;;;;0;;in stock;;;;;;
1266;;;;;;;;;;;;;;;;;;;0;;in stock;;;;;;
1267;;;;;;;;;;;;;;;;;;;0;;in stock;;;;;;
1268;;;;;;;;;;;;;;;;;;;0;;in stock;;;;;;
1269;;;;;;;;;;;;;;;;;;;0;;in stock;;;;;;
1270;;;;;;;;;;;;;;;;;;;0;;in stock;;;;;;
1271;;;;;;;;;;;;;;;;;;;0;;in stock;;;;;;
1272;;;;;;;;;;;;;;;;;;;0;;in stock;;;;;;
1273;;;;;;;;;;;;;;;;;;;0;;in stock;;;;;;
1274;;;;;;;;;;;;;;;;;;;0;;in stock;;;;;;
1275;;;;;;;;;;;;;;;;;;;0;;in stock;;;;;;
1276;;;;;;;;;;;;;;;;;;;0;;in stock;;;;;;
1277;;;;;;;;;;;;;;;;;;;0;;in stock;;;;;;
1278;;;;;;;;;;;;;;;;;;;0;;in stock;;;;;;
1279;;;;;;;;;;;;;;;;;;;0;;in stock;;;;;;
1280;;;;;;;;;;;;;;;;;;;0;;in stock;;;;;;
1281;;;;;;;;;;;;;;;;;;;0;;in stock;;;;;;
1282;;;;;;;;;;;;;;;;;;;0;;in stock;;;;;;
1283;;;;;;;;;;;;;;;;;;;0;;in stock;;;;;;
1284;;;;;;;;;;;;;;;;;;;0;;in stock;;;;;;
1285;;;;;;;;;;;;;;;;;;;0;;in stock;;;;;;
1286;;;;;;;;;;;;;;;;;;;0;;in stock;;;;;;
1287;;;;;;;;;;;;;;;;;;;0;;in stock;;;;;;
1288;;;;;;;;;;;;;;;;;;;0;;in stock;;;;;;
1289;;;;;;;;;;;;;;;;;;;0;;in stock;;;;;;
1290;;;;;;;;;;;;;;;;;;;0;;in stock;;;;;;
1291;;;;;;;;;;;;;;;;;;;0;;in stock;;;;;;
1292;;;;;;;;;;;;;;;;;;;0;;in stock;;;;;;
1293;;;;;;;;;;;;;;;;;;;0;;in stock;;;;;;
1294;;;;;;;;;;;;;;;;;;;0;;in stock;;;;;;
1295;;;;;;;;;;;;;;;;;;;0;;in stock;;;;;;
1296;;;;;;;;;;;;;;;;;;;0;;in stock;;;;;;
1297;;;;;;;;;;;;;;;;;;;0;;in stock;;;;;;
1298;;;;;;;;;;;;;;;;;;;0;;in stock;;;;;;
1299;;;;;;;;;;;;;;;;;;;0;;in stock;;;;;;
1300;;;;;;;;;;;;;;;;;;;0;;in stock;;;;;;
1301;;;;;;;;;;;;;;;;;;;0;;in stock;;;;;;
1302;;;;;;;;;;;;;;;;;;;0;;in stock;;;;;;
1303;;;;;;;;;;;;;;;;;;;0;;in stock;;;;;;
1304;;;;;;;;;;;;;;;;;;;0;;in stock;;;;;;
1305;;;;;;;;;;;;;;;;;;;0;;in stock;;;;;;
1306;;;;;;;;;;;;;;;;;;;0;;in stock;;;;;;
1307;;;;;;;;;;;;;;;;;;;0;;in stock;;;;;;
1308;;;;;;;;;;;;;;;;;;;0;;in stock;;;;;;
1309;;;;;;;;;;;;;;;;;;;0;;in stock;;;;;;
1310;;;;;;;;;;;;;;;;;;;0;;in stock;;;;;;
1311;;;;;;;;;;;;;;;;;;;0;;in stock;;;;;;
1312;;;;;;;;;;;;;;;;;;;0;;in stock;;;;;;
1313;;;;;;;;;;;;;;;;;;;0;;in stock;;;;;;
1314;;;;;;;;;;;;;;;;;;;0;;in stock;;;;;;
1315;;;;;;;;;;;;;;;;;;;0;;in stock;;;;;;
1316;;;;;;;;;;;;;;;;;;;0;;in stock;;;;;;
1317;;;;;;;;;;;;;;;;;;;0;;in stock;;;;;;
1318;;;;;;;;;;;;;;;;;;;0;;in stock;;;;;;
1319;;;;;;;;;;;;;;;;;;;0;;in stock;;;;;;
1320;;;;;;;;;;;;;;;;;;;0;;in stock;;;;;;
1321;;;;;;;;;;;;;;;;;;;0;;in stock;;;;;;
1322;;;;;;;;;;;;;;;;;;;0;;in stock;;;;;;
1323;;;;;;;;;;;;;;;;;;;0;;in stock;;;;;;
1324;;;;;;;;;;;;;;;;;;;0;;in stock;;;;;;
1325;;;;;;;;;;;;;;;;;;;0;;in stock;;;;;;
1326;;;;;;;;;;;;;;;;;;;0;;in stock;;;;;;
1327;;;;;;;;;;;;;;;;;;;0;;in stock;;;;;;
1328;;;;;;;;;;;;;;;;;;;0;;in stock;;;;;;
1329;;;;;;;;;;;;;;;;;;;0;;in stock;;;;;;
1330;;;;;;;;;;;;;;;;;;;0;;in stock;;;;;;
1331;;;;;;;;;;;;;;;;;;;0;;in stock;;;;;;
1332;;;;;;;;;;;;;;;;;;;0;;in stock;;;;;;
1333;;;;;;;;;;;;;;;;;;;0;;in stock;;;;;;
1334;;;;;;;;;;;;;;;;;;;0;;in stock;;;;;;
1335;;;;;;;;;;;;;;;;;;;0;;in stock;;;;;;
1336;;;;;;;;;;;;;;;;;;;0;;in stock;;;;;;
1337;;;;;;;;;;;;;;;;;;;0;;in stock;;;;;;
1338;;;;;;;;;;;;;;;;;;;0;;in stock;;;;;;
1339;;;;;;;;;;;;;;;;;;;0;;in stock;;;;;;
1340;;;;;;;;;;;;;;;;;;;0;;in stock;;;;;;
1341;;;;;;;;;;;;;;;;;;;0;;in stock;;;;;;
1342;;;;;;;;;;;;;;;;;;;0;;in stock;;;;;;
1343;;;;;;;;;;;;;;;;;;;0;;in stock;;;;;;
1344;;;;;;;;;;;;;;;;;;;0;;in stock;;;;;;
1345;;;;;;;;;;;;;;;;;;;0;;in stock;;;;;;
1346;;;;;;;;;;;;;;;;;;;0;;in stock;;;;;;
1347;;;;;;;;;;;;;;;;;;;0;;in stock;;;;;;
1348;;;;;;;;;;;;;;;;;;;0;;in stock;;;;;;
1349;;;;;;;;;;;;;;;;;;;0;;in stock;;;;;;
1350;;;;;;;;;;;;;;;;;;;0;;in stock;;;;;;
1351;;;;;;;;;;;;;;;;;;;0;;in stock;;;;;;
1352;;;;;;;;;;;;;;;;;;;0;;in stock;;;;;;
1353;;;;;;;;;;;;;;;;;;;0;;in stock;;;;;;
1354;;;;;;;;;;;;;;;;;;;0;;in stock;;;;;;
1355;;;;;;;;;;;;;;;;;;;0;;in stock;;;;;;
1356;;;;;;;;;;;;;;;;;;;0;;in stock;;;;;;
1357;;;;;;;;;;;;;;;;;;;0;;in stock;;;;;;
1358;;;;;;;;;;;;;;;;;;;0;;in stock;;;;;;
1359;;;;;;;;;;;;;;;;;;;0;;in stock;;;;;;
1360;;;;;;;;;;;;;;;;;;;0;;in stock;;;;;;
1361;;;;;;;;;;;;;;;;;;;0;;in stock;;;;;;
1362;;;;;;;;;;;;;;;;;;;0;;in stock;;;;;;
1363;;;;;;;;;;;;;;;;;;;0;;in stock;;;;;;
1364;;;;;;;;;;;;;;;;;;;0;;in stock;;;;;;
1365;;;;;;;;;;;;;;;;;;;0;;in stock;;;;;;
1366;;;;;;;;;;;;;;;;;;;0;;in stock;;;;;;
1367;;;;;;;;;;;;;;;;;;;0;;in stock;;;;;;
1368;;;;;;;;;;;;;;;;;;;0;;in stock;;;;;;
1369;;;;;;;;;;;;;;;;;;;0;;in stock;;;;;;
1370;;;;;;;;;;;;;;;;;;;0;;in stock;;;;;;
1371;;;;;;;;;;;;;;;;;;;0;;in stock;;;;;;
1372;;;;;;;;;;;;;;;;;;;0;;in stock;;;;;;
1373;;;;;;;;;;;;;;;;;;;0;;in stock;;;;;;
1374;;;;;;;;;;;;;;;;;;;0;;in stock;;;;;;
1375;;;;;;;;;;;;;;;;;;;0;;in stock;;;;;;
1376;;;;;;;;;;;;;;;;;;;0;;in stock;;;;;;
1377;;;;;;;;;;;;;;;;;;;0;;in stock;;;;;;
1378;;;;;;;;;;;;;;;;;;;0;;in stock;;;;;;
1379;;;;;;;;;;;;;;;;;;;0;;in stock;;;;;;
1380;;;;;;;;;;;;;;;;;;;0;;in stock;;;;;;
1381;;;;;;;;;;;;;;;;;;;0;;in stock;;;;;;
1382;;;;;;;;;;;;;;;;;;;0;;in stock;;;;;;
1383;;;;;;;;;;;;;;;;;;;0;;in stock;;;;;;
1384;;;;;;;;;;;;;;;;;;;0;;in stock;;;;;;
1385;;;;;;;;;;;;;;;;;;;0;;in stock;;;;;;
1386;;;;;;;;;;;;;;;;;;;0;;in stock;;;;;;
1387;;;;;;;;;;;;;;;;;;;0;;in stock;;;;;;
1388;;;;;;;;;;;;;;;;;;;0;;in stock;;;;;;
1389;;;;;;;;;;;;;;;;;;;0;;in stock;;;;;;
1390;;;;;;;;;;;;;;;;;;;0;;in stock;;;;;;
1391;;;;;;;;;;;;;;;;;;;0;;in stock;;;;;;
1392;;;;;;;;;;;;;;;;;;;0;;in stock;;;;;;
1393;;;;;;;;;;;;;;;;;;;0;;in stock;;;;;;
1394;;;;;;;;;;;;;;;;;;;0;;in stock;;;;;;
1395;;;;;;;;;;;;;;;;;;;0;;in stock;;;;;;
1396;;;;;;;;;;;;;;;;;;;0;;in stock;;;;;;
1397;;;;;;;;;;;;;;;;;;;0;;in stock;;;;;;
1398;;;;;;;;;;;;;;;;;;;0;;in stock;;;;;;
1399;;;;;;;;;;;;;;;;;;;0;;in stock;;;;;;
1400;;;;;;;;;;;;;;;;;;;0;;in stock;;;;;;
1401;;;;;;;;;;;;;;;;;;;0;;in stock;;;;;;
1402;;;;;;;;;;;;;;;;;;;0;;in stock;;;;;;
1403;;;;;;;;;;;;;;;;;;;0;;in stock;;;;;;
1404;;;;;;;;;;;;;;;;;;;0;;in stock;;;;;;
1405;;;;;;;;;;;;;;;;;;;0;;in stock;;;;;;
1406;;;;;;;;;;;;;;;;;;;0;;in stock;;;;;;
1407;;;;;;;;;;;;;;;;;;;0;;in stock;;;;;;
1408;;;;;;;;;;;;;;;;;;;0;;in stock;;;;;;
1409;;;;;;;;;;;;;;;;;;;0;;in stock;;;;;;
1410;;;;;;;;;;;;;;;;;;;0;;in stock;;;;;;
1411;;;;;;;;;;;;;;;;;;;0;;in stock;;;;;;
1412;;;;;;;;;;;;;;;;;;;0;;in stock;;;;;;
1413;;;;;;;;;;;;;;;;;;;0;;in stock;;;;;;
1414;;;;;;;;;;;;;;;;;;;0;;in stock;;;;;;
1415;;;;;;;;;;;;;;;;;;;0;;in stock;;;;;;
1416;;;;;;;;;;;;;;;;;;;0;;in stock;;;;;;
1417;;;;;;;;;;;;;;;;;;;0;;in stock;;;;;;
1418;;;;;;;;;;;;;;;;;;;0;;in stock;;;;;;
1419;;;;;;;;;;;;;;;;;;;0;;in stock;;;;;;
1420;;;;;;;;;;;;;;;;;;;0;;in stock;;;;;;
1421;;;;;;;;;;;;;;;;;;;0;;in stock;;;;;;
1422;;;;;;;;;;;;;;;;;;;0;;in stock;;;;;;
1423;;;;;;;;;;;;;;;;;;;0;;in stock;;;;;;
1424;;;;;;;;;;;;;;;;;;;0;;in stock;;;;;;
1425;;;;;;;;;;;;;;;;;;;0;;in stock;;;;;;
1426;;;;;;;;;;;;;;;;;;;0;;in stock;;;;;;
1427;;;;;;;;;;;;;;;;;;;0;;in stock;;;;;;
1428;;;;;;;;;;;;;;;;;;;0;;in stock;;;;;;
1429;;;;;;;;;;;;;;;;;;;0;;in stock;;;;;;
1430;;;;;;;;;;;;;;;;;;;0;;in stock;;;;;;
1431;;;;;;;;;;;;;;;;;;;0;;in stock;;;;;;
1432;;;;;;;;;;;;;;;;;;;0;;in stock;;;;;;
1433;;;;;;;;;;;;;;;;;;;0;;in stock;;;;;;
1434;;;;;;;;;;;;;;;;;;;0;;in stock;;;;;;
1435;;;;;;;;;;;;;;;;;;;0;;in stock;;;;;;
1436;;;;;;;;;;;;;;;;;;;0;;in stock;;;;;;
1437;;;;;;;;;;;;;;;;;;;0;;in stock;;;;;;
1438;;;;;;;;;;;;;;;;;;;0;;in stock;;;;;;
1439;;;;;;;;;;;;;;;;;;;0;;in stock;;;;;;
1440;;;;;;;;;;;;;;;;;;;0;;in stock;;;;;;
1441;;;;;;;;;;;;;;;;;;;0;;in stock;;;;;;
1442;;;;;;;;;;;;;;;;;;;0;;in stock;;;;;;
1443;;;;;;;;;;;;;;;;;;;0;;in stock;;;;;;
1444;;;;;;;;;;;;;;;;;;;0;;in stock;;;;;;
1445;;;;;;;;;;;;;;;;;;;0;;in stock;;;;;;
1446;;;;;;;;;;;;;;;;;;;0;;in stock;;;;;;
1447;;;;;;;;;;;;;;;;;;;0;;in stock;;;;;;
1448;;;;;;;;;;;;;;;;;;;0;;in stock;;;;;;
1449;;;;;;;;;;;;;;;;;;;0;;in stock;;;;;;
1450;;;;;;;;;;;;;;;;;;;0;;in stock;;;;;;
1451;;;;;;;;;;;;;;;;;;;0;;in stock;;;;;;
1452;;;;;;;;;;;;;;;;;;;0;;in stock;;;;;;
1453;;;;;;;;;;;;;;;;;;;0;;in stock;;;;;;
1454;;;;;;;;;;;;;;;;;;;0;;in stock;;;;;;
1455;;;;;;;;;;;;;;;;;;;0;;in stock;;;;;;
1456;;;;;;;;;;;;;;;;;;;0;;in stock;;;;;;
1457;;;;;;;;;;;;;;;;;;;0;;in stock;;;;;;
1458;;;;;;;;;;;;;;;;;;;0;;in stock;;;;;;
1459;;;;;;;;;;;;;;;;;;;0;;in stock;;;;;;
1460;;;;;;;;;;;;;;;;;;;0;;in stock;;;;;;
1461;;;;;;;;;;;;;;;;;;;0;;in stock;;;;;;
1462;;;;;;;;;;;;;;;;;;;0;;in stock;;;;;;
1463;;;;;;;;;;;;;;;;;;;0;;in stock;;;;;;
1464;;;;;;;;;;;;;;;;;;;0;;in stock;;;;;;
1465;;;;;;;;;;;;;;;;;;;0;;in stock;;;;;;
1466;;;;;;;;;;;;;;;;;;;0;;in stock;;;;;;
1467;;;;;;;;;;;;;;;;;;;0;;in stock;;;;;;
1468;;;;;;;;;;;;;;;;;;;0;;in stock;;;;;;
1469;;;;;;;;;;;;;;;;;;;0;;in stock;;;;;;
1470;;;;;;;;;;;;;;;;;;;0;;in stock;;;;;;
1471;;;;;;;;;;;;;;;;;;;0;;in stock;;;;;;
1472;;;;;;;;;;;;;;;;;;;0;;in stock;;;;;;
1473;;;;;;;;;;;;;;;;;;;0;;in stock;;;;;;
1474;;;;;;;;;;;;;;;;;;;0;;in stock;;;;;;
1475;;;;;;;;;;;;;;;;;;;0;;in stock;;;;;;
1476;;;;;;;;;;;;;;;;;;;0;;in stock;;;;;;
1477;;;;;;;;;;;;;;;;;;;0;;in stock;;;;;;
1478;;;;;;;;;;;;;;;;;;;0;;in stock;;;;;;
1479;;;;;;;;;;;;;;;;;;;0;;in stock;;;;;;
1480;;;;;;;;;;;;;;;;;;;0;;in stock;;;;;;
1481;;;;;;;;;;;;;;;;;;;0;;in stock;;;;;;
1482;;;;;;;;;;;;;;;;;;;0;;in stock;;;;;;
1483;;;;;;;;;;;;;;;;;;;0;;in stock;;;;;;
1484;;;;;;;;;;;;;;;;;;;0;;in stock;;;;;;
1485;;;;;;;;;;;;;;;;;;;0;;in stock;;;;;;
1486;;;;;;;;;;;;;;;;;;;0;;in stock;;;;;;
1487;;;;;;;;;;;;;;;;;;;0;;in stock;;;;;;
1488;;;;;;;;;;;;;;;;;;;0;;in stock;;;;;;
1489;;;;;;;;;;;;;;;;;;;0;;in stock;;;;;;
1490;;;;;;;;;;;;;;;;;;;0;;in stock;;;;;;
1491;;;;;;;;;;;;;;;;;;;0;;in stock;;;;;;
1492;;;;;;;;;;;;;;;;;;;0;;in stock;;;;;;
1493;;;;;;;;;;;;;;;;;;;0;;in stock;;;;;;
1494;;;;;;;;;;;;;;;;;;;0;;in stock;;;;;;
1495;;;;;;;;;;;;;;;;;;;0;;in stock;;;;;;
1496;;;;;;;;;;;;;;;;;;;0;;in stock;;;;;;
1497;;;;;;;;;;;;;;;;;;;0;;in stock;;;;;;
1498;;;;;;;;;;;;;;;;;;;0;;in stock;;;;;;
1499;;;;;;;;;;;;;;;;;;;0;;in stock;;;;;;
1500;;;;;;;;;;;;;;;;;;;0;;in stock;;;;;;
1501;;;;;;;;;;;;;;;;;;;0;;in stock;;;;;;
1502;;;;;;;;;;;;;;;;;;;0;;in stock;;;;;;
1503;;;;;;;;;;;;;;;;;;;0;;in stock;;;;;;
1504;;;;;;;;;;;;;;;;;;;0;;in stock;;;;;;
1505;;;;;;;;;;;;;;;;;;;0;;in stock;;;;;;
1506;;;;;;;;;;;;;;;;;;;0;;in stock;;;;;;
1507;;;;;;;;;;;;;;;;;;;0;;in stock;;;;;;
1508;;;;;;;;;;;;;;;;;;;0;;in stock;;;;;;
1509;;;;;;;;;;;;;;;;;;;0;;in stock;;;;;;
1510;;;;;;;;;;;;;;;;;;;0;;in stock;;;;;;
1511;;;;;;;;;;;;;;;;;;;0;;in stock;;;;;;
1512;;;;;;;;;;;;;;;;;;;0;;in stock;;;;;;
1513;;;;;;;;;;;;;;;;;;;0;;in stock;;;;;;
1514;;;;;;;;;;;;;;;;;;;0;;in stock;;;;;;
1515;;;;;;;;;;;;;;;;;;;0;;in stock;;;;;;
1516;;;;;;;;;;;;;;;;;;;0;;in stock;;;;;;
1517;;;;;;;;;;;;;;;;;;;0;;in stock;;;;;;
1518;;;;;;;;;;;;;;;;;;;0;;in stock;;;;;;
1519;;;;;;;;;;;;;;;;;;;0;;in stock;;;;;;
1520;;;;;;;;;;;;;;;;;;;0;;in stock;;;;;;
1521;;;;;;;;;;;;;;;;;;;0;;in stock;;;;;;
1522;;;;;;;;;;;;;;;;;;;0;;in stock;;;;;;
1523;;;;;;;;;;;;;;;;;;;0;;in stock;;;;;;
1524;;;;;;;;;;;;;;;;;;;0;;in stock;;;;;;
1525;;;;;;;;;;;;;;;;;;;0;;in stock;;;;;;
1526;;;;;;;;;;;;;;;;;;;0;;in stock;;;;;;
1527;;;;;;;;;;;;;;;;;;;0;;in stock;;;;;;
1528;;;;;;;;;;;;;;;;;;;0;;in stock;;;;;;
1529;;;;;;;;;;;;;;;;;;;0;;in stock;;;;;;
1530;;;;;;;;;;;;;;;;;;;0;;in stock;;;;;;
1531;;;;;;;;;;;;;;;;;;;0;;in stock;;;;;;
1532;;;;;;;;;;;;;;;;;;;0;;in stock;;;;;;
1533;;;;;;;;;;;;;;;;;;;0;;in stock;;;;;;
1534;;;;;;;;;;;;;;;;;;;0;;in stock;;;;;;
1535;;;;;;;;;;;;;;;;;;;0;;in stock;;;;;;
1536;;;;;;;;;;;;;;;;;;;0;;in stock;;;;;;
1537;;;;;;;;;;;;;;;;;;;0;;in stock;;;;;;
1538;;;;;;;;;;;;;;;;;;;0;;in stock;;;;;;
1539;;;;;;;;;;;;;;;;;;;0;;in stock;;;;;;
1540;;;;;;;;;;;;;;;;;;;0;;in stock;;;;;;
1541;;;;;;;;;;;;;;;;;;;0;;in stock;;;;;;
1542;;;;;;;;;;;;;;;;;;;0;;in stock;;;;;;
1543;;;;;;;;;;;;;;;;;;;0;;in stock;;;;;;
1544;;;;;;;;;;;;;;;;;;;0;;in stock;;;;;;
1545;;;;;;;;;;;;;;;;;;;0;;in stock;;;;;;
1546;;;;;;;;;;;;;;;;;;;0;;in stock;;;;;;
1547;;;;;;;;;;;;;;;;;;;0;;in stock;;;;;;
1548;;;;;;;;;;;;;;;;;;;0;;in stock;;;;;;
1549;;;;;;;;;;;;;;;;;;;0;;in stock;;;;;;
1550;;;;;;;;;;;;;;;;;;;0;;in stock;;;;;;
1551;;;;;;;;;;;;;;;;;;;0;;in stock;;;;;;
1552;;;;;;;;;;;;;;;;;;;0;;in stock;;;;;;
1553;;;;;;;;;;;;;;;;;;;0;;in stock;;;;;;
1554;;;;;;;;;;;;;;;;;;;0;;in stock;;;;;;
1555;;;;;;;;;;;;;;;;;;;0;;in stock;;;;;;
1556;;;;;;;;;;;;;;;;;;;0;;in stock;;;;;;
1557;;;;;;;;;;;;;;;;;;;0;;in stock;;;;;;
1558;;;;;;;;;;;;;;;;;;;0;;in stock;;;;;;
1559;;;;;;;;;;;;;;;;;;;0;;in stock;;;;;;
1560;;;;;;;;;;;;;;;;;;;0;;in stock;;;;;;
1561;;;;;;;;;;;;;;;;;;;0;;in stock;;;;;;
1562;;;;;;;;;;;;;;;;;;;0;;in stock;;;;;;
1563;;;;;;;;;;;;;;;;;;;0;;in stock;;;;;;
1564;;;;;;;;;;;;;;;;;;;0;;in stock;;;;;;
1565;;;;;;;;;;;;;;;;;;;0;;in stock;;;;;;
1566;;;;;;;;;;;;;;;;;;;0;;in stock;;;;;;
1567;;;;;;;;;;;;;;;;;;;0;;in stock;;;;;;
1568;;;;;;;;;;;;;;;;;;;0;;in stock;;;;;;
1569;;;;;;;;;;;;;;;;;;;0;;in stock;;;;;;
1570;;;;;;;;;;;;;;;;;;;0;;in stock;;;;;;
1571;;;;;;;;;;;;;;;;;;;0;;in stock;;;;;;
1572;;;;;;;;;;;;;;;;;;;0;;in stock;;;;;;
1573;;;;;;;;;;;;;;;;;;;0;;in stock;;;;;;
1574;;;;;;;;;;;;;;;;;;;0;;in stock;;;;;;
1575;;;;;;;;;;;;;;;;;;;0;;in stock;;;;;;
1576;;;;;;;;;;;;;;;;;;;0;;in stock;;;;;;
1577;;;;;;;;;;;;;;;;;;;0;;in stock;;;;;;
1578;;;;;;;;;;;;;;;;;;;0;;in stock;;;;;;
1579;;;;;;;;;;;;;;;;;;;0;;in stock;;;;;;
1580;;;;;;;;;;;;;;;;;;;0;;in stock;;;;;;
1581;;;;;;;;;;;;;;;;;;;0;;in stock;;;;;;
1582;;;;;;;;;;;;;;;;;;;0;;in stock;;;;;;
1583;;;;;;;;;;;;;;;;;;;0;;in stock;;;;;;
1584;;;;;;;;;;;;;;;;;;;0;;in stock;;;;;;
1585;;;;;;;;;;;;;;;;;;;0;;in stock;;;;;;
1586;;;;;;;;;;;;;;;;;;;0;;in stock;;;;;;
1587;;;;;;;;;;;;;;;;;;;0;;in stock;;;;;;
1588;;;;;;;;;;;;;;;;;;;0;;in stock;;;;;;
1589;;;;;;;;;;;;;;;;;;;0;;in stock;;;;;;
1590;;;;;;;;;;;;;;;;;;;0;;in stock;;;;;;
1591;;;;;;;;;;;;;;;;;;;0;;in stock;;;;;;
1592;;;;;;;;;;;;;;;;;;;0;;in stock;;;;;;
1593;;;;;;;;;;;;;;;;;;;0;;in stock;;;;;;
1594;;;;;;;;;;;;;;;;;;;0;;in stock;;;;;;
1595;;;;;;;;;;;;;;;;;;;0;;in stock;;;;;;
1596;;;;;;;;;;;;;;;;;;;0;;in stock;;;;;;
1597;;;;;;;;;;;;;;;;;;;0;;in stock;;;;;;
1598;;;;;;;;;;;;;;;;;;;0;;in stock;;;;;;
1599;;;;;;;;;;;;;;;;;;;0;;in stock;;;;;;
1600;;;;;;;;;;;;;;;;;;;0;;in stock;;;;;;
1601;;;;;;;;;;;;;;;;;;;0;;in stock;;;;;;
1602;;;;;;;;;;;;;;;;;;;0;;in stock;;;;;;
1603;;;;;;;;;;;;;;;;;;;0;;in stock;;;;;;
1604;;;;;;;;;;;;;;;;;;;0;;in stock;;;;;;
1605;;;;;;;;;;;;;;;;;;;0;;in stock;;;;;;
1606;;;;;;;;;;;;;;;;;;;0;;in stock;;;;;;
1607;;;;;;;;;;;;;;;;;;;0;;in stock;;;;;;
1608;;;;;;;;;;;;;;;;;;;0;;in stock;;;;;;
1609;;;;;;;;;;;;;;;;;;;0;;in stock;;;;;;
1610;;;;;;;;;;;;;;;;;;;0;;in stock;;;;;;
1611;;;;;;;;;;;;;;;;;;;0;;in stock;;;;;;
1612;;;;;;;;;;;;;;;;;;;0;;in stock;;;;;;
1613;;;;;;;;;;;;;;;;;;;0;;in stock;;;;;;
1614;;;;;;;;;;;;;;;;;;;0;;in stock;;;;;;
1615;;;;;;;;;;;;;;;;;;;0;;in stock;;;;;;
1616;;;;;;;;;;;;;;;;;;;0;;in stock;;;;;;
1617;;;;;;;;;;;;;;;;;;;0;;in stock;;;;;;
1618;;;;;;;;;;;;;;;;;;;0;;in stock;;;;;;
1619;;;;;;;;;;;;;;;;;;;0;;in stock;;;;;;
1620;;;;;;;;;;;;;;;;;;;0;;in stock;;;;;;
1621;;;;;;;;;;;;;;;;;;;0;;in stock;;;;;;
1622;;;;;;;;;;;;;;;;;;;0;;in stock;;;;;;
1623;;;;;;;;;;;;;;;;;;;0;;in stock;;;;;;
1624;;;;;;;;;;;;;;;;;;;0;;in stock;;;;;;
1625;;;;;;;;;;;;;;;;;;;0;;in stock;;;;;;
1626;;;;;;;;;;;;;;;;;;;0;;in stock;;;;;;
1627;;;;;;;;;;;;;;;;;;;0;;in stock;;;;;;
1628;;;;;;;;;;;;;;;;;;;0;;in stock;;;;;;
1629;;;;;;;;;;;;;;;;;;;0;;in stock;;;;;;
1630;;;;;;;;;;;;;;;;;;;0;;in stock;;;;;;
1631;;;;;;;;;;;;;;;;;;;0;;in stock;;;;;;
1632;;;;;;;;;;;;;;;;;;;0;;in stock;;;;;;
1633;;;;;;;;;;;;;;;;;;;0;;in stock;;;;;;
1634;;;;;;;;;;;;;;;;;;;0;;in stock;;;;;;
1635;;;;;;;;;;;;;;;;;;;0;;in stock;;;;;;
1636;;;;;;;;;;;;;;;;;;;0;;in stock;;;;;;
1637;;;;;;;;;;;;;;;;;;;0;;in stock;;;;;;
1638;;;;;;;;;;;;;;;;;;;0;;in stock;;;;;;
1639;;;;;;;;;;;;;;;;;;;0;;in stock;;;;;;
1640;;;;;;;;;;;;;;;;;;;0;;in stock;;;;;;
1641;;;;;;;;;;;;;;;;;;;0;;in stock;;;;;;
1642;;;;;;;;;;;;;;;;;;;0;;in stock;;;;;;
1643;;;;;;;;;;;;;;;;;;;0;;in stock;;;;;;
1644;;;;;;;;;;;;;;;;;;;0;;in stock;;;;;;
1645;;;;;;;;;;;;;;;;;;;0;;in stock;;;;;;
1646;;;;;;;;;;;;;;;;;;;0;;in stock;;;;;;
1647;;;;;;;;;;;;;;;;;;;0;;in stock;;;;;;
1648;;;;;;;;;;;;;;;;;;;0;;in stock;;;;;;
1649;;;;;;;;;;;;;;;;;;;0;;in stock;;;;;;
1650;;;;;;;;;;;;;;;;;;;0;;in stock;;;;;;
1651;;;;;;;;;;;;;;;;;;;0;;in stock;;;;;;
1652;;;;;;;;;;;;;;;;;;;0;;in stock;;;;;;
1653;;;;;;;;;;;;;;;;;;;0;;in stock;;;;;;
1654;;;;;;;;;;;;;;;;;;;0;;in stock;;;;;;
1655;;;;;;;;;;;;;;;;;;;0;;in stock;;;;;;
1656;;;;;;;;;;;;;;;;;;;0;;in stock;;;;;;
1657;;;;;;;;;;;;;;;;;;;0;;in stock;;;;;;
1658;;;;;;;;;;;;;;;;;;;0;;in stock;;;;;;
1659;;;;;;;;;;;;;;;;;;;0;;in stock;;;;;;
1660;;;;;;;;;;;;;;;;;;;0;;in stock;;;;;;
1661;;;;;;;;;;;;;;;;;;;0;;in stock;;;;;;
1662;;;;;;;;;;;;;;;;;;;0;;in stock;;;;;;
1663;;;;;;;;;;;;;;;;;;;0;;in stock;;;;;;
1664;;;;;;;;;;;;;;;;;;;0;;in stock;;;;;;
1665;;;;;;;;;;;;;;;;;;;0;;in stock;;;;;;
1666;;;;;;;;;;;;;;;;;;;0;;in stock;;;;;;
1667;;;;;;;;;;;;;;;;;;;0;;in stock;;;;;;
1668;;;;;;;;;;;;;;;;;;;0;;in stock;;;;;;
1669;;;;;;;;;;;;;;;;;;;0;;in stock;;;;;;
1670;;;;;;;;;;;;;;;;;;;0;;in stock;;;;;;
1671;;;;;;;;;;;;;;;;;;;0;;in stock;;;;;;
1672;;;;;;;;;;;;;;;;;;;0;;in stock;;;;;;
1673;;;;;;;;;;;;;;;;;;;0;;in stock;;;;;;
1674;;;;;;;;;;;;;;;;;;;0;;in stock;;;;;;
1675;;;;;;;;;;;;;;;;;;;0;;in stock;;;;;;
1676;;;;;;;;;;;;;;;;;;;0;;in stock;;;;;;
1677;;;;;;;;;;;;;;;;;;;0;;in stock;;;;;;
1678;;;;;;;;;;;;;;;;;;;0;;in stock;;;;;;
1679;;;;;;;;;;;;;;;;;;;0;;in stock;;;;;;
1680;;;;;;;;;;;;;;;;;;;0;;in stock;;;;;;
1681;;;;;;;;;;;;;;;;;;;0;;in stock;;;;;;
1682;;;;;;;;;;;;;;;;;;;0;;in stock;;;;;;
1683;;;;;;;;;;;;;;;;;;;0;;in stock;;;;;;
1684;;;;;;;;;;;;;;;;;;;0;;in stock;;;;;;
1685;;;;;;;;;;;;;;;;;;;0;;in stock;;;;;;
1686;;;;;;;;;;;;;;;;;;;0;;in stock;;;;;;
1687;;;;;;;;;;;;;;;;;;;0;;in stock;;;;;;
1688;;;;;;;;;;;;;;;;;;;0;;in stock;;;;;;
1689;;;;;;;;;;;;;;;;;;;0;;in stock;;;;;;
1690;;;;;;;;;;;;;;;;;;;0;;in stock;;;;;;
1691;;;;;;;;;;;;;;;;;;;0;;in stock;;;;;;
1692;;;;;;;;;;;;;;;;;;;0;;in stock;;;;;;
1693;;;;;;;;;;;;;;;;;;;0;;in stock;;;;;;
1694;;;;;;;;;;;;;;;;;;;0;;in stock;;;;;;
1695;;;;;;;;;;;;;;;;;;;0;;in stock;;;;;;
1696;;;;;;;;;;;;;;;;;;;0;;in stock;;;;;;
1697;;;;;;;;;;;;;;;;;;;0;;in stock;;;;;;
1698;;;;;;;;;;;;;;;;;;;0;;in stock;;;;;;
1699;;;;;;;;;;;;;;;;;;;0;;in stock;;;;;;
1700;;;;;;;;;;;;;;;;;;;0;;in stock;;;;;;
1701;;;;;;;;;;;;;;;;;;;0;;in stock;;;;;;
1702;;;;;;;;;;;;;;;;;;;0;;in stock;;;;;;
1703;;;;;;;;;;;;;;;;;;;0;;in stock;;;;;;
1704;;;;;;;;;;;;;;;;;;;0;;in stock;;;;;;
1705;;;;;;;;;;;;;;;;;;;0;;in stock;;;;;;
1706;;;;;;;;;;;;;;;;;;;0;;in stock;;;;;;
1707;;;;;;;;;;;;;;;;;;;0;;in stock;;;;;;
1708;;;;;;;;;;;;;;;;;;;0;;in stock;;;;;;
1709;;;;;;;;;;;;;;;;;;;0;;in stock;;;;;;
1710;;;;;;;;;;;;;;;;;;;0;;in stock;;;;;;
1711;;;;;;;;;;;;;;;;;;;0;;in stock;;;;;;
1712;;;;;;;;;;;;;;;;;;;0;;in stock;;;;;;
1713;;;;;;;;;;;;;;;;;;;0;;in stock;;;;;;
1714;;;;;;;;;;;;;;;;;;;0;;in stock;;;;;;
1715;;;;;;;;;;;;;;;;;;;0;;in stock;;;;;;
1716;;;;;;;;;;;;;;;;;;;0;;in stock;;;;;;
1717;;;;;;;;;;;;;;;;;;;0;;in stock;;;;;;
1718;;;;;;;;;;;;;;;;;;;0;;in stock;;;;;;
1719;;;;;;;;;;;;;;;;;;;0;;in stock;;;;;;
1720;;;;;;;;;;;;;;;;;;;0;;in stock;;;;;;
1721;;;;;;;;;;;;;;;;;;;0;;in stock;;;;;;
1722;;;;;;;;;;;;;;;;;;;0;;in stock;;;;;;
1723;;;;;;;;;;;;;;;;;;;0;;in stock;;;;;;
1724;;;;;;;;;;;;;;;;;;;0;;in stock;;;;;;
1725;;;;;;;;;;;;;;;;;;;0;;in stock;;;;;;
1726;;;;;;;;;;;;;;;;;;;0;;in stock;;;;;;
1727;;;;;;;;;;;;;;;;;;;0;;in stock;;;;;;
1728;;;;;;;;;;;;;;;;;;;0;;in stock;;;;;;
1729;;;;;;;;;;;;;;;;;;;0;;in stock;;;;;;
1730;;;;;;;;;;;;;;;;;;;0;;in stock;;;;;;
1731;;;;;;;;;;;;;;;;;;;0;;in stock;;;;;;
1732;;;;;;;;;;;;;;;;;;;0;;in stock;;;;;;
1733;;;;;;;;;;;;;;;;;;;0;;in stock;;;;;;
1734;;;;;;;;;;;;;;;;;;;0;;in stock;;;;;;
1735;;;;;;;;;;;;;;;;;;;0;;in stock;;;;;;
1736;;;;;;;;;;;;;;;;;;;0;;in stock;;;;;;
1737;;;;;;;;;;;;;;;;;;;0;;in stock;;;;;;
1738;;;;;;;;;;;;;;;;;;;0;;in stock;;;;;;
1739;;;;;;;;;;;;;;;;;;;0;;in stock;;;;;;
1740;;;;;;;;;;;;;;;;;;;0;;in stock;;;;;;
1741;;;;;;;;;;;;;;;;;;;0;;in stock;;;;;;
1742;;;;;;;;;;;;;;;;;;;0;;in stock;;;;;;
1743;;;;;;;;;;;;;;;;;;;0;;in stock;;;;;;
1744;;;;;;;;;;;;;;;;;;;0;;in stock;;;;;;
1745;;;;;;;;;;;;;;;;;;;0;;in stock;;;;;;
1746;;;;;;;;;;;;;;;;;;;0;;in stock;;;;;;
1747;;;;;;;;;;;;;;;;;;;0;;in stock;;;;;;
1748;;;;;;;;;;;;;;;;;;;0;;in stock;;;;;;
1749;;;;;;;;;;;;;;;;;;;0;;in stock;;;;;;
1750;;;;;;;;;;;;;;;;;;;0;;in stock;;;;;;
1751;;;;;;;;;;;;;;;;;;;0;;in stock;;;;;;
1752;;;;;;;;;;;;;;;;;;;0;;in stock;;;;;;
1753;;;;;;;;;;;;;;;;;;;0;;in stock;;;;;;
1754;;;;;;;;;;;;;;;;;;;0;;in stock;;;;;;
1755;;;;;;;;;;;;;;;;;;;0;;in stock;;;;;;
1756;;;;;;;;;;;;;;;;;;;0;;in stock;;;;;;
1757;;;;;;;;;;;;;;;;;;;0;;in stock;;;;;;
1758;;;;;;;;;;;;;;;;;;;0;;in stock;;;;;;
1759;;;;;;;;;;;;;;;;;;;0;;in stock;;;;;;
1760;;;;;;;;;;;;;;;;;;;0;;in stock;;;;;;
1761;;;;;;;;;;;;;;;;;;;0;;in stock;;;;;;
1762;;;;;;;;;;;;;;;;;;;0;;in stock;;;;;;
1763;;;;;;;;;;;;;;;;;;;0;;in stock;;;;;;
1764;;;;;;;;;;;;;;;;;;;0;;in stock;;;;;;
1765;;;;;;;;;;;;;;;;;;;0;;in stock;;;;;;
1766;;;;;;;;;;;;;;;;;;;0;;in stock;;;;;;
1767;;;;;;;;;;;;;;;;;;;0;;in stock;;;;;;
1768;;;;;;;;;;;;;;;;;;;0;;in stock;;;;;;
1769;;;;;;;;;;;;;;;;;;;0;;in stock;;;;;;
1770;;;;;;;;;;;;;;;;;;;0;;in stock;;;;;;
1771;;;;;;;;;;;;;;;;;;;0;;in stock;;;;;;
1772;;;;;;;;;;;;;;;;;;;0;;in stock;;;;;;
1773;;;;;;;;;;;;;;;;;;;0;;in stock;;;;;;
1774;;;;;;;;;;;;;;;;;;;0;;in stock;;;;;;
1775;;;;;;;;;;;;;;;;;;;0;;in stock;;;;;;
1776;;;;;;;;;;;;;;;;;;;0;;in stock;;;;;;
1777;;;;;;;;;;;;;;;;;;;0;;in stock;;;;;;
1778;;;;;;;;;;;;;;;;;;;0;;in stock;;;;;;
1779;;;;;;;;;;;;;;;;;;;0;;in stock;;;;;;
1780;;;;;;;;;;;;;;;;;;;0;;in stock;;;;;;
1781;;;;;;;;;;;;;;;;;;;0;;in stock;;;;;;
1782;;;;;;;;;;;;;;;;;;;0;;in stock;;;;;;
1783;;;;;;;;;;;;;;;;;;;0;;in stock;;;;;;
1784;;;;;;;;;;;;;;;;;;;0;;in stock;;;;;;
1785;;;;;;;;;;;;;;;;;;;0;;in stock;;;;;;
1786;;;;;;;;;;;;;;;;;;;0;;in stock;;;;;;
1787;;;;;;;;;;;;;;;;;;;0;;in stock;;;;;;
1788;;;;;;;;;;;;;;;;;;;0;;in stock;;;;;;
1789;;;;;;;;;;;;;;;;;;;0;;in stock;;;;;;
1790;;;;;;;;;;;;;;;;;;;0;;in stock;;;;;;
1791;;;;;;;;;;;;;;;;;;;0;;in stock;;;;;;
1792;;;;;;;;;;;;;;;;;;;0;;in stock;;;;;;
1793;;;;;;;;;;;;;;;;;;;0;;in stock;;;;;;
1794;;;;;;;;;;;;;;;;;;;0;;in stock;;;;;;
1795;;;;;;;;;;;;;;;;;;;0;;in stock;;;;;;
1796;;;;;;;;;;;;;;;;;;;0;;in stock;;;;;;
1797;;;;;;;;;;;;;;;;;;;0;;in stock;;;;;;
1798;;;;;;;;;;;;;;;;;;;0;;in stock;;;;;;
1799;;;;;;;;;;;;;;;;;;;0;;in stock;;;;;;
1800;;;;;;;;;;;;;;;;;;;0;;in stock;;;;;;
1801;;;;;;;;;;;;;;;;;;;0;;in stock;;;;;;
1802;;;;;;;;;;;;;;;;;;;0;;in stock;;;;;;
1803;;;;;;;;;;;;;;;;;;;0;;in stock;;;;;;
1804;;;;;;;;;;;;;;;;;;;0;;in stock;;;;;;
1805;;;;;;;;;;;;;;;;;;;0;;in stock;;;;;;
1806;;;;;;;;;;;;;;;;;;;0;;in stock;;;;;;
1807;;;;;;;;;;;;;;;;;;;0;;in stock;;;;;;
1808;;;;;;;;;;;;;;;;;;;0;;in stock;;;;;;
1809;;;;;;;;;;;;;;;;;;;0;;in stock;;;;;;
1810;;;;;;;;;;;;;;;;;;;0;;in stock;;;;;;
1811;;;;;;;;;;;;;;;;;;;0;;in stock;;;;;;
1812;;;;;;;;;;;;;;;;;;;0;;in stock;;;;;;
1813;;;;;;;;;;;;;;;;;;;0;;in stock;;;;;;
1814;;;;;;;;;;;;;;;;;;;0;;in stock;;;;;;
1815;;;;;;;;;;;;;;;;;;;0;;in stock;;;;;;
1816;;;;;;;;;;;;;;;;;;;0;;in stock;;;;;;
1817;;;;;;;;;;;;;;;;;;;0;;in stock;;;;;;
1818;;;;;;;;;;;;;;;;;;;0;;in stock;;;;;;
1819;;;;;;;;;;;;;;;;;;;0;;in stock;;;;;;
1820;;;;;;;;;;;;;;;;;;;0;;in stock;;;;;;
1821;;;;;;;;;;;;;;;;;;;0;;in stock;;;;;;
1822;;;;;;;;;;;;;;;;;;;0;;in stock;;;;;;
1823;;;;;;;;;;;;;;;;;;;0;;in stock;;;;;;
1824;;;;;;;;;;;;;;;;;;;0;;in stock;;;;;;
1825;;;;;;;;;;;;;;;;;;;0;;in stock;;;;;;
1826;;;;;;;;;;;;;;;;;;;0;;in stock;;;;;;
1827;;;;;;;;;;;;;;;;;;;0;;in stock;;;;;;
1828;;;;;;;;;;;;;;;;;;;0;;in stock;;;;;;
1829;;;;;;;;;;;;;;;;;;;0;;in stock;;;;;;
1830;;;;;;;;;;;;;;;;;;;0;;in stock;;;;;;
1831;;;;;;;;;;;;;;;;;;;0;;in stock;;;;;;
1832;;;;;;;;;;;;;;;;;;;0;;in stock;;;;;;
1833;;;;;;;;;;;;;;;;;;;0;;in stock;;;;;;
1834;;;;;;;;;;;;;;;;;;;0;;in stock;;;;;;
1835;;;;;;;;;;;;;;;;;;;0;;in stock;;;;;;
1836;;;;;;;;;;;;;;;;;;;0;;in stock;;;;;;
1837;;;;;;;;;;;;;;;;;;;0;;in stock;;;;;;
1838;;;;;;;;;;;;;;;;;;;0;;in stock;;;;;;
1839;;;;;;;;;;;;;;;;;;;0;;in stock;;;;;;
1840;;;;;;;;;;;;;;;;;;;0;;in stock;;;;;;
1841;;;;;;;;;;;;;;;;;;;0;;in stock;;;;;;
1842;;;;;;;;;;;;;;;;;;;0;;in stock;;;;;;
1843;;;;;;;;;;;;;;;;;;;0;;in stock;;;;;;
1844;;;;;;;;;;;;;;;;;;;0;;in stock;;;;;;
1845;;;;;;;;;;;;;;;;;;;0;;in stock;;;;;;
1846;;;;;;;;;;;;;;;;;;;0;;in stock;;;;;;
